title,price,location,surface,rooms,baths,link,location_clean,city,district,price_capped
Appartement à vendre 199 m² à Boulevard Zerktouni,3800000,"Appartements dans Casablanca, Maarif",199,3,3,https://www.avito.ma/fr/maarif/appartements/Appartement_%C3%A0_vendre_199_m%C2%B2_%C3%A0_Boulevard_Zerktouni_57706141.htm,"Casablanca, Maarif",casablanca,maarif,3280000
Appartement à vendre 124 m² à Casablanca,1750000,"Appartements dans Casablanca, Abdelmoumen",136,3,2,https://www.avito.ma/fr/abdelmoumen/appartements/Appartement_%C3%A0_vendre_124_m%C2%B2_%C3%A0_Casablanca_57724207.htm,"Casablanca, Abdelmoumen",casablanca,abdelmoumen,1750000
Appartement à vendre 140 m² la marina Casablanca,3900000,"Appartements dans Casablanca, Marina",155,2,3,https://www.avito.ma/fr/marina/appartements/Appartement_%C3%A0_vendre_140_m%C2%B2_la_marina_Casablanca_56471980.htm,"Casablanca, Marina",casablanca,marina,3280000
Appartement à vendre 105 m² El Andalous,370000,"Appartements dans Oujda, Andalous",105,2,2,https://www.avito.ma/fr/andalous/appartements/Appartement_%C3%A0_vendre_105_m%C2%B2_El_Andalous_57755402.htm,"Oujda, Andalous",oujda,andalous,370000
Appartement à vendre à Temara,1200000,"Appartements dans Rabat, Autre secteur",107,3,2,https://www.avito.ma/fr/autre_secteur/appartements/Appartement_%C3%A0_vendre_%C3%A0_Temara_57812272.htm,"Rabat, Autre secteur",rabat,autre secteur,1200000
Appartement à vendre 110 m² à Casablanca,1700000,"Appartements dans Casablanca, 2 Mars",110,3,2,https://www.avito.ma/fr/2_mars/appartements/Appartement_%C3%A0_vendre_110_m%C2%B2_%C3%A0_Casablanca_57775489.htm,"Casablanca, 2 Mars",casablanca,2 mars,1700000
Superbe Appart à vendre à Ain Diab Extension,4000000,"Appartements dans Casablanca, Aïn Diab",189,3,2,https://www.avito.ma/fr/a%C3%AFn_diab/appartements/Superbe_Appart_%C3%A0_vendre_%C3%A0_Ain_Diab_Extension_57770131.htm,"Casablanca, Aïn Diab",casablanca,aïn diab,3280000
Appartement à vendre 100 m² à Tétouan,1245000,"Appartements dans Tétouan, Autre secteur",110,3,2,https://www.avito.ma/fr/autre_secteur/appartements/Appartement_%C3%A0_vendre_100_m%C2%B2_%C3%A0_T%C3%A9touan_57616531.htm,"Tétouan, Autre secteur",tétouan,autre secteur,1245000
Appartement à vendre 130 m² à plage des nations,1850000,"Appartements dans Sidi Bouknadel, Toute la ville",130,2,2,https://www.avito.ma/fr/sidi_bouknadel/appartements/Appartement_%C3%A0_vendre_130_m%C2%B2_%C3%A0_plage_des_nations_56055121.htm,"Sidi Bouknadel, Toute la ville",sidi bouknadel,toute la ville,1850000
Appartement à vendre pas de semsar,600000,"Appartements dans Mohammedia, Nassim",70,2,1,https://www.avito.ma/fr/nassim/appartements/Appartement_%C3%A0_vendre_pas_de_semsar_57773761.htm,"Mohammedia, Nassim",mohammedia,nassim,600000
Spacieux appartement à vendre meublé,1350000,"Appartements dans Marrakech, Victor Hugo",54,1,1,https://www.avito.ma/fr/victor_hugo/appartements/Spacieux_appartement_%C3%A0_vendre_meubl%C3%A9_57711710.htm,"Marrakech, Victor Hugo",marrakech,victor hugo,1350000
Appartement à vendre 147 m² à Bd Fouaratte Casa.,1200000,"Appartements dans Casablanca, Hay Mohammadi",147,4,3,https://www.avito.ma/fr/hay_mohammadi/appartements/Appartement_%C3%A0_vendre_147_m%C2%B2_%C3%A0_Bd_Fouaratte_Casa__56185859.htm,"Casablanca, Hay Mohammadi",casablanca,hay mohammadi,1200000
Appart 3ch 2sa blc 150m2 à vendre 2Mars,2200000,"Appartements dans Casablanca, 2 Mars",150,3,2,https://www.avito.ma/fr/2_mars/appartements/Appart_3ch_2sa_blc_150m2_%C3%A0_vendre_2Mars_56889308.htm,"Casablanca, 2 Mars",casablanca,2 mars,2200000
Appartement à Atlas golf Resort à Marrakech,2100000,"Appartements dans Marrakech, Annakhil",140,2,2,https://www.avito.ma/fr/annakhil/appartements/Appartement_%C3%A0_Atlas_golf_Resort_%C3%A0_Marrakech_57615030.htm,"Marrakech, Annakhil",marrakech,annakhil,2100000
Appartement à vendre Bourgogne,1200000,"Appartements dans Casablanca, Bourgogne",90,2,2,https://www.avito.ma/fr/bourgogne/appartements/Appartement_%C3%A0_vendre_Bourgogne_57697496.htm,"Casablanca, Bourgogne",casablanca,bourgogne,1200000
Appartement à vendre 89m² à H M Casablanca,850000,"Appartements dans Casablanca, Hay Mohammadi",89,2,2,https://www.avito.ma/fr/hay_mohammadi/appartements/Appartement_%C3%A0_vendre_89m%C2%B2_%C3%A0_H_M_Casablanca_55797652.htm,"Casablanca, Hay Mohammadi",casablanca,hay mohammadi,850000
Rez de jardin à vendre 107 m² vue sur piscine,1900000,"Appartements dans Marrakech, Route de Casablanca",107,2,2,https://www.avito.ma/fr/route_de_casablanca/appartements/Rez_de_jardin_%C3%A0_vendre_107_m%C2%B2_vue_sur_piscine_57648716.htm,"Marrakech, Route de Casablanca",marrakech,route de casablanca,1900000
Appartements à vendre lotissement Al Dha.,390000,"Appartements dans Laâyoune, Toute la ville",86,2,1,https://www.avito.ma/fr/la%C3%A2youne/appartements/Appartements_%C3%A0_vendre_lotissement_Al_Dha__57697598.htm,"Laâyoune, Toute la ville",laâyoune,toute la ville,390000
Saidia AP2 - Appart de 118m² – proche du Golf,960000,"Appartements dans Saidia, Toute la ville",118,2,2,https://www.avito.ma/fr/saidia/appartements/Saidia_AP2___Appart_de_118m%C2%B2___proche_du_Golf_57775425.htm,"Saidia, Toute la ville",saidia,toute la ville,960000
"Appartement à vendre 181 m² avec terrasse, Racine",3100000,"Appartements dans Casablanca, Racine",181,3,3,https://www.avito.ma/fr/racine/appartements/Appartement_%C3%A0_vendre_181_m%C2%B2_avec_terrasse__Racine_57800891.htm,"Casablanca, Racine",casablanca,racine,3100000
Appartement à vendre 58 m Mdiq 4 min à pied plage,490000,"Appartements dans Mdiq, Toute la ville",58,2,1,https://www.avito.ma/fr/mdiq/appartements/Appartement_%C3%A0_vendre_58_m_Mdiq_4_min_%C3%A0_pied_plage_57822302.htm,"Mdiq, Toute la ville",mdiq,toute la ville,490000
Appartement à vendre,950000,"Appartements dans Tanger, Centre",75,2,1,https://www.avito.ma/fr/centre/appartements/Appartement_%C3%A0_vendre_57799376.htm,"Tanger, Centre",tangier,centre,950000
Appartement à vendre 90 m² à Oujda,290000,"Appartements dans Oujda, Agdal",130,3,1,https://www.avito.ma/fr/agdal/appartements/Appartement_%C3%A0_vendre_90_m%C2%B2_%C3%A0_Oujda_57359130.htm,"Oujda, Agdal",oujda,agdal,290000
Appartement à vendre 150 m² à Agadir,1900000,"Appartements dans Agadir, Haut-Founty",150,4,2,https://www.avito.ma/fr/haut_founty/appartements/Appartement_%C3%A0_vendre_150_m%C2%B2_%C3%A0_Agadir_57712745.htm,"Agadir, Haut-Founty",agadir,haut-founty,1900000
Appartement à vendre 124m² Roche Noire Casablanca,1050000,"Appartements dans Casablanca, Roches Noires",124,2,2,https://www.avito.ma/fr/roches_noires/appartements/Appartement_%C3%A0_vendre_124m%C2%B2_Roche_Noire_Casablanca_54971172.htm,"Casablanca, Roches Noires",casablanca,roches noires,1050000
APPART 91m 2FACES vue piscine à MARBELLA BEACH,1030000,"Appartements dans Mohammedia, Autre secteur",91,2,2,https://www.avito.ma/fr/autre_secteur/appartements/APPART_91m_2FACES_vue_piscine_%C3%A0_MARBELLA_BEACH_57747136.htm,"Mohammedia, Autre secteur",mohammedia,autre secteur,1030000
Appartement 98m² chouka à vendre Fouarat Casa,950000,"Appartements dans Casablanca, Hay Mohammadi",147,3,1,https://www.avito.ma/fr/hay_mohammadi/appartements/Appartement_98m%C2%B2_chouka_%C3%A0_vendre_Fouarat_Casa_56770374.htm,"Casablanca, Hay Mohammadi",casablanca,hay mohammadi,950000
Appartement 138m² au 2ème étg au Maârif,1800000,"Appartements dans Casablanca, Maarif",138,3,3,https://www.avito.ma/fr/maarif/appartements/Appartement_138m%C2%B2_au_2%C3%A8me_%C3%A9tg_au_Ma%C3%A2rif_55941961.htm,"Casablanca, Maarif",casablanca,maarif,1800000
Appartement 1er chouka à vendre 50m² ERRAHMA Casa,350000,"Appartements dans Casablanca, Errahma",50,2,1,https://www.avito.ma/fr/errahma/appartements/Appartement_1er_chouka_%C3%A0_vendre_50m%C2%B2_ERRAHMA_Casa_56040509.htm,"Casablanca, Errahma",casablanca,errahma,350000
Appartement à vendre 71 m² à Bouznika,600000,"Appartements dans Bouznika, Autre secteur",71,2,1,https://www.avito.ma/fr/autre_secteur/appartements/Appartement_%C3%A0_vendre_71_m%C2%B2_%C3%A0_Bouznika_56368488.htm,"Bouznika, Autre secteur",bouznika,autre secteur,600000
vendre un joli appartement meublé avec piscine,1250000,"Appartements dans El Mansouria, Toute la ville",92,2,2,https://www.avito.ma/fr/el_mansouria/appartements/%C3%80_vendre_un_joli_appartement_meubl%C3%A9_avec_piscine_56846634.htm,"El Mansouria, Toute la ville",el mansouria,toute la ville,1250000
Appartement à vendre 110 m2 à Saïdia,750000,"Appartements dans Saidia, Toute la ville",110,2,1,https://www.avito.ma/fr/saidia/appartements/Appartement_%C3%A0_vendre_110_m2_%C3%A0_Sa%C3%AFdia_57839494.htm,"Saidia, Toute la ville",saidia,toute la ville,750000
Appartement à vendre 134 m² à Tanger,2546000,"Appartements dans Tanger, De La Plage",134,3,2,https://www.avito.ma/fr/de_la_plage/appartements/Appartement_%C3%A0_vendre_134_m%C2%B2_%C3%A0_Tanger_56300463.htm,"Tanger, De La Plage",tangier,de la plage,2546000
Appartement à vendre 80m2 à Saïdia,590000,"Appartements dans Saidia, Toute la ville",80,2,2,https://www.avito.ma/fr/saidia/appartements/Appartement_%C3%A0_vendre_80m2_%C3%A0_Sa%C3%AFdia_57839472.htm,"Saidia, Toute la ville",saidia,toute la ville,590000
Aptmts neuf à hay riyad,3400000,"Appartements dans Rabat, Hay Riad",120,3,1,https://www.avito.ma/fr/hay_riad/appartements/Aptmts_neuf_%C3%A0_hay_riyad_57457147.htm,"Rabat, Hay Riad",rabat,hay riad,3280000
Appartement à vendre 95 m² à Marrakech palmeraie,1500000,"Appartements dans Marrakech, Palmeraie",95,2,2,https://www.avito.ma/fr/palmeraie/appartements/Appartement_%C3%A0_vendre_95_m%C2%B2_%C3%A0_Marrakech_palmeraie_57216492.htm,"Marrakech, Palmeraie",marrakech,palmeraie,1500000
A vendre un appartement avec terrasse,3750000,"Appartements dans Casablanca, Racine",190,4,3,https://www.avito.ma/fr/racine/appartements/A_vendre_un_appartement_avec_terrasse_57516868.htm,"Casablanca, Racine",casablanca,racine,3280000
Appartement 165m² RDC à vendre 2 Mars Casablanca,1540000,"Appartements dans Casablanca, 2 Mars",35,4,2,https://www.avito.ma/fr/2_mars/appartements/Appartement_165m%C2%B2__RDC_%C3%A0_vendre__2_Mars_Casablanca_56040548.htm,"Casablanca, 2 Mars",casablanca,2 mars,1540000
Super Appartement Vue sur Mer à Dar Bouazza,2390000,"Appartements dans Dar Bouazza, Toute la ville",132,3,2,https://www.avito.ma/fr/dar_bouazza/appartements/Super_Appartement_Vue_sur_Mer_%C3%A0_Dar_Bouazza_57692835.htm,"Dar Bouazza, Toute la ville",dar bouazza,toute la ville,2390000
Appartement à vendre 61 m² à Meknès,380000,"Appartements dans Meknès, Autre secteur",64,3,2,https://www.avito.ma/fr/autre_secteur/appartements/Appartement_%C3%A0_vendre_61_m%C2%B2_%C3%A0_Mekn%C3%A8s_57198863.htm,"Meknès, Autre secteur",meknès,autre secteur,380000
Appartement 95m2 vendables -Palmier,1750000,"Appartements dans Casablanca, Palmier",95,2,2,https://www.avito.ma/fr/palmier/appartements/Appartement_95m2_vendables__Palmier_57820947.htm,"Casablanca, Palmier",casablanca,palmier,1750000
🌿 Appartement d’exception à vendre à Achakar,2800000,"Appartements dans Tanger, Achakar",165,2,2,https://www.avito.ma/fr/achakar/appartements/___Appartement_d_exception_%C3%A0_vendre_%C3%A0_Achakar__57717771.htm,"Tanger, Achakar",tangier,achakar,2800000
Appartement à vendre à Tétouan Chebar,580000,"Appartements dans Martil, Toute la ville",80,2,1,https://www.avito.ma/fr/martil/appartements/Appartement_%C3%A0_vendre_%C3%A0_T%C3%A9touan_Chebar_57839437.htm,"Martil, Toute la ville",martil,toute la ville,580000
vendre appartement 3 CH avec terrasse de 44m2,2350000,"Appartements dans Casablanca, Ferme Bretone",144,3,3,https://www.avito.ma/fr/ferme_bretone/appartements/%C3%80_vendre_appartement_3_CH_avec_terrasse_de_44m2_57406538.htm,"Casablanca, Ferme Bretone",casablanca,ferme bretone,2350000
Appartement à à Plage des Nations,2500000,"Appartements dans Sidi Bouknadel, Toute la ville",98,2,2,https://www.avito.ma/fr/sidi_bouknadel/appartements/Appartement_%C3%A0_%C3%A0_Plage_des_Nations_57513939.htm,"Sidi Bouknadel, Toute la ville",sidi bouknadel,toute la ville,2500000
Super Appartement neuf à vendre H M Casa,920000,"Appartements dans Casablanca, Hay Mohammadi",92,2,2,https://www.avito.ma/fr/hay_mohammadi/appartements/Super_Appartement_neuf_%C3%A0_vendre_H_M_Casa_56729735.htm,"Casablanca, Hay Mohammadi",casablanca,hay mohammadi,920000
Appartement 120m² Chouka à vendre à Casablanca.,1080000,"Appartements dans Casablanca, Hay Mohammadi",120,3,2,https://www.avito.ma/fr/hay_mohammadi/appartements/Appartement_120m%C2%B2_Chouka_%C3%A0_vendre_%C3%A0_Casablanca__56464823.htm,"Casablanca, Hay Mohammadi",casablanca,hay mohammadi,1080000
Joli Appartement 1er Etage Mhamid 7,410000,"Appartements dans Marrakech, M'Hamid",57,2,1,https://www.avito.ma/fr/m_hamid/appartements/Joli_Appartement_1er_Etage_Mhamid_7_57133912.htm,"Marrakech, M'Hamid",marrakech,m'hamid,410000
"🌊 appartement vue mer en face, sans vis-à-vis",1600000,"Appartements dans Agadir, Anza",80,2,2,https://www.avito.ma/fr/anza/appartements/___appartement_vue_mer_en_face__sans_vis_%C3%A0_vis_56936072.htm,"Agadir, Anza",agadir,anza,1600000
Rez-de-jardin à vendre 128 m² 20 m² jardin,2100000,"Appartements dans Rabat, Souissi",148,3,2,https://www.avito.ma/fr/souissi/appartements/Rez_de_jardin_%C3%A0_vendre_128_m%C2%B2_20_m%C2%B2_jardin_57302278.htm,"Rabat, Souissi",rabat,souissi,2100000
🏠Appartement duplex 174m2 à vendre HM Casa🏠,1000000,"Appartements dans Casablanca, Hay Mohammadi",174,5,2,https://www.avito.ma/fr/hay_mohammadi/appartements/__Appartement_duplex_174m2_%C3%A0_vendre_HM_Casa___57631189.htm,"Casablanca, Hay Mohammadi",casablanca,hay mohammadi,1000000
Appartement 57 m² – 6e étage – Triple Tower,1500000,"Appartements dans Tanger, Malabata",57,2,1,https://www.avito.ma/fr/malabata/appartements/Appartement_57_m%C2%B2___6e_%C3%A9tage___Triple_Tower_57779089.htm,"Tanger, Malabata",tangier,malabata,1500000
Appartement à vendre 47 m Mdiq 4 min à pied plage,380000,"Appartements dans Mdiq, Toute la ville",50,1,1,https://www.avito.ma/fr/mdiq/appartements/Appartement_%C3%A0_vendre_47_m_Mdiq_4_min_%C3%A0_pied_plage_57822212.htm,"Mdiq, Toute la ville",mdiq,toute la ville,380000
Appartement ain mezouar base militaire,520000,"Appartements dans Marrakech, Ain Mezouar",62,2,1,https://www.avito.ma/fr/ain_mezouar/appartements/Appartement_ain_mezouar_base_militaire_57839264.htm,"Marrakech, Ain Mezouar",marrakech,ain mezouar,520000
Appartement à vendre 120 m² à Mosquée houda,1170000,"Appartements dans Temara, Hoda",120,3,2,https://www.avito.ma/fr/hoda/appartements/Appartement_%C3%A0_vendre_120_m%C2%B2_%C3%A0_Mosqu%C3%A9e_houda_57839257.htm,"Temara, Hoda",temara,hoda,1170000
Appartement 85m² à Sidi Bernoussi Casa.,740000,"Appartements dans Casablanca, Sidi Bernoussi",85,3,2,https://www.avito.ma/fr/sidi_bernoussi/appartements/Appartement_85m%C2%B2_%C3%A0_Sidi_Bernoussi_Casa__53160051.htm,"Casablanca, Sidi Bernoussi",casablanca,sidi bernoussi,740000
Appartement Tanger Balia,620000,"Appartements dans Tanger, Tanja Balia",78,2,1,https://www.avito.ma/fr/tanja_balia/appartements/Appartement_Tanger_Balia_55043962.htm,"Tanger, Tanja Balia",tangier,tanja balia,620000
CMN-SI-1877 - Appartement à vendre à Bourgogne Est,1050000,"Appartements dans Casablanca, Bourgogne",76,2,1,https://www.avito.ma/fr/bourgogne/appartements/CMN_SI_1877___Appartement_%C3%A0_vendre_%C3%A0_Bourgogne_Est_57328148.htm,"Casablanca, Bourgogne",casablanca,bourgogne,1050000
Magnifique Appartement à vendre 77 m² à Marrakech,1078000,"Appartements dans Marrakech, Hay Izdihar",77,2,2,https://www.avito.ma/fr/hay_izdihar/appartements/Magnifique_Appartement_%C3%A0_vendre_77_m%C2%B2_%C3%A0_Marrakech_57790009.htm,"Marrakech, Hay Izdihar",marrakech,hay izdihar,1078000
CMN-MA-2470 - Appartement à vendre à Les Hôpitaux,1450000,"Appartements dans Casablanca, Quartier des Hôpitaux",117,3,1,https://www.avito.ma/fr/quartier_des_h%C3%B4pitaux/appartements/CMN_MA_2470___Appartement_%C3%A0_vendre_%C3%A0_Les_H%C3%B4pitaux_57340348.htm,"Casablanca, Quartier des Hôpitaux",casablanca,quartier des hôpitaux,1450000
Appartement 87 m² en vente à Ayn Amir à Fès,560000,"Appartements dans Fès, Ain Amiyer",87,2,1,https://www.avito.ma/fr/ain_amiyer/appartements/Appartement_87_m%C2%B2_en_vente_%C3%A0_Ayn_Amir_%C3%A0_F%C3%A8s_57642542.htm,"Fès, Ain Amiyer",fès,ain amiyer,560000
🏢 À VENDRE – Appartement à Val Fleuri (Casa),1650000,"Appartements dans Casablanca, Val Fleuri",128,3,2,https://www.avito.ma/fr/val_fleuri/appartements/___%C3%80_VENDRE___Appartement_%C3%A0_Val_Fleuri__Casa__57753874.htm,"Casablanca, Val Fleuri",casablanca,val fleuri,1650000
Superbe appartement meublé à vendre en centre-ville,1180000,"Appartements dans Tanger, Centre",58,2,2,https://www.avito.ma/fr/centre/appartements/Superbe_appartement_meubl%C3%A9_%C3%A0_vendre_en_centre_ville_57030966.htm,"Tanger, Centre",tangier,centre,1180000
Appartement de 3 chambres à vendre près de la station El Jadida Hrarryine,750000,"Appartements dans Tanger, Aharrarine",80,3,2,https://www.avito.ma/fr/aharrarine/appartements/Appartement_de_3_chambres_%C3%A0_vendre_pr%C3%A8s_de_la_station_El_Jadida_Hrarryine_57029815.htm,"Tanger, Aharrarine",tangier,aharrarine,750000
Joli appartement ensoleillé,1100000,"Appartements dans Marrakech, Guéliz",71,2,2,https://www.avito.ma/fr/gu%C3%A9liz/appartements/Joli_appartement_ensoleill%C3%A9__57523775.htm,"Marrakech, Guéliz",marrakech,guéliz,1100000
Appartement à vendre à Résidence tahra,570000,"Appartements dans Mohammedia, El Alia",82,2,1,https://www.avito.ma/fr/el_alia/appartements/Appartement_%C3%A0_vendre_%C3%A0_R%C3%A9sidence_tahra_57814915.htm,"Mohammedia, El Alia",mohammedia,el alia,570000
Bel appartement de 90 m² lotissement alliance,620000,"Appartements dans Kénitra, alliance",90,2,2,https://www.avito.ma/fr/alliance/appartements/Bel_appartement_de_90_m%C2%B2_lotissement_alliance_57398679.htm,"Kénitra, alliance",kénitra,alliance,620000
Appartement Duplex à vendre 154 m² à Casablanca,1000000,"Appartements dans Casablanca, Hay Mohammadi",174,4,2,https://www.avito.ma/fr/hay_mohammadi/appartements/Appartement_Duplex_%C3%A0_vendre_154_m%C2%B2_%C3%A0_Casablanca_54390927.htm,"Casablanca, Hay Mohammadi",casablanca,hay mohammadi,1000000
Appartement Lux 69m,500000,"Appartements dans Had Soualem, Toute la ville",69,2,2,https://www.avito.ma/fr/had_soualem/appartements/Appartement_Lux_69m_47242927.htm,"Had Soualem, Toute la ville",had soualem,toute la ville,500000
Appartement à vendre 90 m² à lotissement alliance,640000,"Appartements dans Kénitra, alliance",90,2,1,https://www.avito.ma/fr/alliance/appartements/Appartement_%C3%A0_vendre_90_m%C2%B2_%C3%A0_lotissement_alliance_57399192.htm,"Kénitra, alliance",kénitra,alliance,640000
Appartement à vendre 96 m² à Marrakech,1350000,"Appartements dans Marrakech, Hay Izdihar",100,2,2,https://www.avito.ma/fr/hay_izdihar/appartements/Appartement_%C3%A0_vendre_96_m%C2%B2_%C3%A0_Marrakech_57814917.htm,"Marrakech, Hay Izdihar",marrakech,hay izdihar,1350000
Appartement à vendre à Mdiq,860000,"Appartements dans Mdiq, Toute la ville",155,2,2,https://www.avito.ma/fr/mdiq/appartements/Appartement_%C3%A0_vendre_%C3%A0_Mdiq_54821467.htm,"Mdiq, Toute la ville",mdiq,toute la ville,860000
Appartement avec cour à Bouznika,710000,"Appartements dans Bouznika, Autre secteur",108,2,2,https://www.avito.ma/fr/autre_secteur/appartements/Appartement_avec_cour_%C3%A0_Bouznika_44799287.htm,"Bouznika, Autre secteur",bouznika,autre secteur,710000
Appartement rénové neuf à la Gironde,940000,"Appartements dans Casablanca, La Gironde",80,2,2,https://www.avito.ma/fr/la_gironde/appartements/Appartement_r%C3%A9nov%C3%A9_neuf_%C3%A0_la_Gironde_57717329.htm,"Casablanca, La Gironde",casablanca,la gironde,940000
Appartement à vendre 65 m² à Marrakech,700000,"Appartements dans Marrakech, Hay Targa",65,3,2,https://www.avito.ma/fr/hay_targa/appartements/Appartement_%C3%A0_vendre_65_m%C2%B2_%C3%A0_Marrakech_57585168.htm,"Marrakech, Hay Targa",marrakech,hay targa,700000
Superbe Appartement à vendre 75 m² à Marrakech,1050000,"Appartements dans Marrakech, Hay Izdihar",75,2,2,https://www.avito.ma/fr/hay_izdihar/appartements/Superbe_Appartement_%C3%A0_vendre_75_m%C2%B2_%C3%A0_Marrakech_57790073.htm,"Marrakech, Hay Izdihar",marrakech,hay izdihar,1050000
Appartement à vendre 63 m² à Sidi Rahal,480000,"Appartements dans Sidi Rahal, Toute la ville",63,2,1,https://www.avito.ma/fr/sidi_rahal/appartements/Appartement_%C3%A0_vendre_63_m%C2%B2_%C3%A0_Sidi_Rahal_57776726.htm,"Sidi Rahal, Toute la ville",sidi rahal,toute la ville,480000
Appartement meublé à vendre sur la route Ain Chkef Riyad Yasmin,400000,"Appartements dans Fès, Route Ain Chkaf",84,2,2,https://www.avito.ma/fr/route_ain_chkaf/appartements/Appartement_meubl%C3%A9_%C3%A0_vendre_sur_la_route_Ain_Chkef_Riyad_Yasmin_57050912.htm,"Fès, Route Ain Chkaf",fès,route ain chkaf,400000
Appartement à vendre 90 m² à Kénitra bir rami,560000,"Appartements dans Kénitra, Bir Rami",90,3,1,https://www.avito.ma/fr/bir_rami/appartements/Appartement_%C3%A0_vendre_90_m%C2%B2_%C3%A0_K%C3%A9nitra_bir_rami_57770603.htm,"Kénitra, Bir Rami",kénitra,bir rami,560000
Appartement à vendre à Mghogha – Tanger,230000,"Appartements dans Tanger, Mghogha",45,1,1,https://www.avito.ma/fr/mghogha/appartements/Appartement_%C3%A0_vendre_%C3%A0_Mghogha___Tanger_57745830.htm,"Tanger, Mghogha",tangier,mghogha,230000
Appartement à vendre 170 m² à Rabat,3450000,"Appartements dans Rabat, Hay Riad",170,3,2,https://www.avito.ma/fr/hay_riad/appartements/Appartement_%C3%A0_vendre_170_m%C2%B2_%C3%A0_Rabat_57833782.htm,"Rabat, Hay Riad",rabat,hay riad,3280000
CMN-AN-1884 - Appartement à vendre à Bourgogne,1300000,"Appartements dans Casablanca, Bourgogne",80,2,1,https://www.avito.ma/fr/bourgogne/appartements/CMN_AN_1884___Appartement_%C3%A0_vendre_%C3%A0_Bourgogne_57370097.htm,"Casablanca, Bourgogne",casablanca,bourgogne,1300000
CMN-SI-1879 - Appartement à vendre à Ziraoui,3480000,"Appartements dans Casablanca, Bourgogne",260,3,2,https://www.avito.ma/fr/bourgogne/appartements/CMN_SI_1879___Appartement_%C3%A0_vendre_%C3%A0_Ziraoui_57331613.htm,"Casablanca, Bourgogne",casablanca,bourgogne,3280000
Appartement à vendre 180 m² à Casablanca,2700000,"Appartements dans Casablanca, Maarif",200,4,3,https://www.avito.ma/fr/maarif/appartements/Appartement_%C3%A0_vendre_180_m%C2%B2_%C3%A0_Casablanca_57839155.htm,"Casablanca, Maarif",casablanca,maarif,2700000
Appartement à vendre 120m² H Mohammadi Casablanca,850000,"Appartements dans Casablanca, Hay Mohammadi",120,2,1,https://www.avito.ma/fr/hay_mohammadi/appartements/Appartement_%C3%A0_vendre_120m%C2%B2_H_Mohammadi_Casablanca_57309014.htm,"Casablanca, Hay Mohammadi",casablanca,hay mohammadi,850000
Élégant Studio à vendre 63 m² à Marrakech,1134000,"Appartements dans Marrakech, Guéliz",63,1,1,https://www.avito.ma/fr/gu%C3%A9liz/appartements/%C3%89l%C3%A9gant_Studio_%C3%A0_vendre_63_m%C2%B2_%C3%A0_Marrakech_57765732.htm,"Marrakech, Guéliz",marrakech,guéliz,1134000
D’UN BEL APPARTEMENT DE 117M2,1900000,"Appartements dans Casablanca, Les Princesses",117,3,2,https://www.avito.ma/fr/les_princesses/appartements/VENTE_D_UN_BEL_APPARTEMENT_DE_117M2_56886880.htm,"Casablanca, Les Princesses",casablanca,les princesses,1900000
Appartement 236m² à Gauthier Consulat d'Italie,3200000,"Appartements dans Casablanca, Gauthier",272,4,3,https://www.avito.ma/fr/gauthier/appartements/Appartement_236m%C2%B2_%C3%A0_Gauthier_Consulat_d_Italie_56634956.htm,"Casablanca, Gauthier",casablanca,gauthier,3200000
Appartement à vendre 78 m² à Deroua,460000,"Appartements dans Deroua, Toute la ville",78,2,1,https://www.avito.ma/fr/deroua/appartements/Appartement_%C3%A0_vendre_78_m%C2%B2_%C3%A0_Deroua_57721736.htm,"Deroua, Toute la ville",deroua,toute la ville,460000
Appartement à vendre 134 m² à Casablanca,3000000,"Appartements dans Casablanca, Racine",154,3,3,https://www.avito.ma/fr/racine/appartements/Appartement_%C3%A0_vendre_134_m%C2%B2_%C3%A0_Casablanca_57789942.htm,"Casablanca, Racine",casablanca,racine,3000000
Bel appartement... orientation sud,2150000,"Appartements dans Casablanca, Les Princesses",165,3,2,https://www.avito.ma/fr/les_princesses/appartements/Bel_appartement____orientation_sud_56943177.htm,"Casablanca, Les Princesses",casablanca,les princesses,2150000
Appartement en face de la plage 72 m² à Martil.,1200000,"Appartements dans Martil, Toute la ville",72,2,1,https://www.avito.ma/fr/martil/appartements/Appartement_en_face_de_la_plage_72_m%C2%B2_%C3%A0_Martil__56700135.htm,"Martil, Toute la ville",martil,toute la ville,1200000
Appartement à vendre 176 m² à Tanger,3500000,"Appartements dans Tanger, Administratif",176,4,2,https://www.avito.ma/fr/administratif/appartements/Appartement_%C3%A0_vendre_176_m%C2%B2_%C3%A0_Tanger_57778075.htm,"Tanger, Administratif",tangier,administratif,3280000
Appartements à vendre,2432000,"Appartements dans Agadir, Haut-Founty",128,3,3,https://www.avito.ma/fr/haut_founty/appartements/Appartements_%C3%A0_vendre_57804375.htm,"Agadir, Haut-Founty",agadir,haut-founty,2432000
Appartement à vendre 78 m² à Marrakech,1800000,"Appartements dans Marrakech, Agdal",118,2,2,https://www.avito.ma/fr/agdal/appartements/Appartement_%C3%A0_vendre_78_m%C2%B2_%C3%A0_Marrakech_56438709.htm,"Marrakech, Agdal",marrakech,agdal,1800000
Appartement à vendre 172 m² à Casablanca,2100000,"Appartements dans Casablanca, 2 Mars",172,3,3,https://www.avito.ma/fr/2_mars/appartements/Appartement_%C3%A0_vendre_172_m%C2%B2_%C3%A0_Casablanca_57382833.htm,"Casablanca, 2 Mars",casablanca,2 mars,2100000
Deux appartements à vendre derrière le complexe Al Hosni - par cession,560000,"Appartements dans Tanger, Hay Hassani",60,2,1,https://www.avito.ma/fr/hay_hassani/appartements/Deux_appartements_%C3%A0_vendre_derri%C3%A8re_le_complexe_Al_Hosni___par_cession_57635187.htm,"Tanger, Hay Hassani",tangier,hay hassani,560000
Charmant appartement à vendre - Résidence OUBAHA,1150000,"Appartements dans El Mansouria, Toute la ville",100,3,2,https://www.avito.ma/fr/el_mansouria/appartements/Charmant_appartement_%C3%A0_vendre___R%C3%A9sidence_OUBAHA_57256920.htm,"El Mansouria, Toute la ville",el mansouria,toute la ville,1150000
Bonne affaire sur la corniche,850000,"Appartements dans Tanger, Centre ville",64,2,1,https://www.avito.ma/fr/centre_ville/appartements/Bonne_affaire_sur_la_corniche_57817834.htm,"Tanger, Centre ville",tangier,centre ville,850000
Appartement 76m Neuf A Maarif Ex,1460000,"Appartements dans Casablanca, Maarif",76,2,2,https://www.avito.ma/fr/maarif/appartements/Appartement_76m_Neuf_A_Maarif_Ex_57712316.htm,"Casablanca, Maarif",casablanca,maarif,1460000
Bel appartement en rez de jardin sur résidence,3300000,"Appartements dans Marrakech, Agdal",100,3,2,https://www.avito.ma/fr/agdal/appartements/Bel_appartement_en_rez_de_jardin_sur_r%C3%A9sidence_57536307.htm,"Marrakech, Agdal",marrakech,agdal,3280000
Appartement à vendre 95 m² à Marrakech,1350000,"Appartements dans Marrakech, Route de Safi",95,2,1,https://www.avito.ma/fr/route_de_safi/appartements/Appartement_%C3%A0_vendre_95_m%C2%B2_%C3%A0_Marrakech_57746811.htm,"Marrakech, Route de Safi",marrakech,route de safi,1350000
Appartement neuf et équipé de haute qualité,525000,"Appartements dans Meknès, Autre secteur",110,3,1,https://www.avito.ma/fr/autre_secteur/appartements/Appartement_neuf_et_%C3%A9quip%C3%A9_de_haute_qualit%C3%A9_57780125.htm,"Meknès, Autre secteur",meknès,autre secteur,525000
Superbe appartement familial au cœur Racine,4216000,"Appartements dans Casablanca, Racine",284,3,3,https://www.avito.ma/fr/racine/appartements/Superbe_appartement_familial_au_c_ur_Racine_57790576.htm,"Casablanca, Racine",casablanca,racine,3280000
Grand Appartement Plein Centre de Kénitra 154 m²,1360000,"Appartements dans Kénitra, Centre",154,3,2,https://www.avito.ma/fr/centre/appartements/Grand_Appartement_Plein_Centre_de_K%C3%A9nitra_154_m%C2%B2_57587635.htm,"Kénitra, Centre",kénitra,centre,1360000
CMN-MA-1866 - Appartement à vendre à Les princesses,1330000,"Appartements dans Casablanca, Les Princesses",106,2,1,https://www.avito.ma/fr/les_princesses/appartements/CMN_MA_1866___Appartement_%C3%A0_vendre_%C3%A0_Les_princesses_55872150.htm,"Casablanca, Les Princesses",casablanca,les princesses,1330000
Appartement Haut standing à vendre / piscine,1900000,"Appartements dans Marrakech, Ain Mezouar",100,3,2,https://www.avito.ma/fr/ain_mezouar/appartements/Appartement_Haut_standing_%C3%A0_vendre___piscine_57824629.htm,"Marrakech, Ain Mezouar",marrakech,ain mezouar,1900000
Bel appartement,395000,"Appartements dans Saidia, Toute la ville",76,3,2,https://www.avito.ma/fr/saidia/appartements/Bel_appartement_57263311.htm,"Saidia, Toute la ville",saidia,toute la ville,395000
Appartement à vendre 186 m² à Tanger,7200000,"Appartements dans Tanger, Malabata",186,4,2,https://www.avito.ma/fr/malabata/appartements/Appartement_%C3%A0_vendre_186_m%C2%B2_%C3%A0_Tanger_57325686.htm,"Tanger, Malabata",tangier,malabata,3280000
Appartement neuf à Sala El Jadida,1099800,"Appartements dans Salé, Sala El Jadida",94,2,2,https://www.avito.ma/fr/sala_el_jadida/appartements/Appartement_neuf_%C3%A0_Sala_El_Jadida_53271053.htm,"Salé, Sala El Jadida",salé,sala el jadida,1099800
Appartement à vendre 110 m² à Bouznika,1670000,"Appartements dans Bouznika, Autre secteur",118,3,2,https://www.avito.ma/fr/autre_secteur/appartements/Appartement_%C3%A0_vendre_110_m%C2%B2_%C3%A0_Bouznika_57256859.htm,"Bouznika, Autre secteur",bouznika,autre secteur,1670000
Appartement 87 m² en vente près clinique kawtar,650000,"Appartements dans Fès, Ain Amiyer",87,3,2,https://www.avito.ma/fr/ain_amiyer/appartements/Appartement_87_m%C2%B2_en_vente_pr%C3%A8s_clinique_kawtar_57151475.htm,"Fès, Ain Amiyer",fès,ain amiyer,650000
Appartement à vendre 128 m² à Bouskoura,1300000,"Appartements dans Bouskoura, Victoria",140,3,2,https://www.avito.ma/fr/victoria/appartements/Appartement_%C3%A0_vendre_128_m%C2%B2_%C3%A0_Bouskoura_57814586.htm,"Bouskoura, Victoria",bouskoura,victoria,1300000
Appartement à vendre à Had Soualem,570000,"Appartements dans Had Soualem, Toute la ville",74,2,2,https://www.avito.ma/fr/had_soualem/appartements/Appartement_%C3%A0_vendre_%C3%A0_Had_Soualem_57647935.htm,"Had Soualem, Toute la ville",had soualem,toute la ville,570000
"Studio neuf à vendre – Bourgogne, Casablanca",1270000,"Appartements dans Casablanca, Bourgogne",66,1,1,https://www.avito.ma/fr/bourgogne/appartements/Studio_neuf_%C3%A0_vendre___Bourgogne__Casablanca_57765581.htm,"Casablanca, Bourgogne",casablanca,bourgogne,1270000
Appartements à vendre,2800000,"Appartements dans Agadir, Haut-Founty",150,3,3,https://www.avito.ma/fr/haut_founty/appartements/Appartements_%C3%A0_vendre_57804087.htm,"Agadir, Haut-Founty",agadir,haut-founty,2800000
Appartement à vendre 150 m² à Casablanca,3400000,"Appartements dans Casablanca, Oasis",163,3,2,https://www.avito.ma/fr/oasis/appartements/Appartement_%C3%A0_vendre_150_m%C2%B2_%C3%A0_Casablanca_57723071.htm,"Casablanca, Oasis",casablanca,oasis,3280000
CMN-AC-2017 - Appartement à vendre à Californie,1690000,"Appartements dans Casablanca, Californie",144,2,2,https://www.avito.ma/fr/californie/appartements/CMN_AC_2017___Appartement_%C3%A0_vendre_%C3%A0_Californie_57245074.htm,"Casablanca, Californie",casablanca,californie,1690000
Studio 42m Neuf Maarif Proche BD Biranzaran,980000,"Appartements dans Casablanca, Maarif",42,1,1,https://www.avito.ma/fr/maarif/appartements/Studio_42m_Neuf_Maarif_Proche_BD_Biranzaran_57785117.htm,"Casablanca, Maarif",casablanca,maarif,980000
Appartement 147 M² à Mohammedia,1650000,"Appartements dans Mohammedia, Autre secteur",14,2,1,https://www.avito.ma/fr/autre_secteur/appartements/Appartement_147_M%C2%B2_%C3%A0_Mohammedia_57761127.htm,"Mohammedia, Autre secteur",mohammedia,autre secteur,1650000
Appartement à vendre à Oulfa,700000,"Appartements dans Casablanca, Oulfa",73,2,2,https://www.avito.ma/fr/oulfa/appartements/Appartement_%C3%A0_vendre_%C3%A0_Oulfa_57712644.htm,"Casablanca, Oulfa",casablanca,oulfa,700000
Appartements à vendre,1400000,"Appartements dans Agadir, Haut-Founty",70,2,2,https://www.avito.ma/fr/haut_founty/appartements/Appartements_%C3%A0_vendre_57803975.htm,"Agadir, Haut-Founty",agadir,haut-founty,1400000
Appartement à vendre 52 m² à Marrakech,1200000,"Appartements dans Marrakech, Guéliz",52,1,1,https://www.avito.ma/fr/gu%C3%A9liz/appartements/Appartement_%C3%A0_vendre_52_m%C2%B2_%C3%A0_Marrakech_56035043.htm,"Marrakech, Guéliz",marrakech,guéliz,1200000
Appartement à vendre à Marina Golf Asilah,950000,"Appartements dans Asilah, Toute la ville",150,2,1,https://www.avito.ma/fr/asilah/appartements/Appartement_%C3%A0_vendre_%C3%A0_Marina_Golf_Asilah_57769496.htm,"Asilah, Toute la ville",asilah,toute la ville,950000
Appartement à vendre 133 m² sur 2 mars,1700000,"Appartements dans Casablanca, 2 Mars",133,3,2,https://www.avito.ma/fr/2_mars/appartements/Appartement_%C3%A0_vendre_133_m%C2%B2_sur_2_mars_57696869.htm,"Casablanca, 2 Mars",casablanca,2 mars,1700000
Appartement à vendre 72 m² à Rachédia 2 Fes,450000,"Appartements dans Fès, Autre secteur",72,2,1,https://www.avito.ma/fr/autre_secteur/appartements/Appartement_%C3%A0_vendre_72_m%C2%B2_%C3%A0_Rach%C3%A9dia_2_Fes_57616573.htm,"Fès, Autre secteur",fès,autre secteur,450000
Appartement à vendre à Berrechid El Qabbah,340000,"Appartements dans Berrechid, Toute la ville",70,2,1,https://www.avito.ma/fr/berrechid/appartements/Appartement_%C3%A0_vendre_%C3%A0_Berrechid_El_Qabbah_57707198.htm,"Berrechid, Toute la ville",berrechid,toute la ville,340000
Appartement 112 m² près café Mégad’Or à Fès,650000,"Appartements dans Fès, Route Ain Chkaf",112,3,2,https://www.avito.ma/fr/route_ain_chkaf/appartements/Appartement_112_m%C2%B2_pr%C3%A8s_caf%C3%A9_M%C3%A9gad_Or_%C3%A0_F%C3%A8s_57370688.htm,"Fès, Route Ain Chkaf",fès,route ain chkaf,650000
Appartement à vendre à 3 min du stade de Tanger,970000,"Appartements dans Tanger, Zemmouri",75,2,1,https://www.avito.ma/fr/zemmouri/appartements/Appartement_%C3%A0_vendre_%C3%A0_3_min_du_stade_de_Tanger_57704607.htm,"Tanger, Zemmouri",tangier,zemmouri,970000
BEN-MA-1118 - Appartement à vendre à Mansouria-B...,1200000,"Appartements dans Benslimane, Autre secteur",98,2,1,https://www.avito.ma/fr/autre_secteur/appartements/BEN_MA_1118___Appartement_%C3%A0_vendre_%C3%A0_Mansouria_B____57276565.htm,"Benslimane, Autre secteur",benslimane,autre secteur,1200000
Appartement neuf à vendre Ain Sebaa,1070000,"Appartements dans Casablanca, Ain Sebaa",81,2,2,https://www.avito.ma/fr/ain_sebaa/appartements/Appartement_neuf_%C3%A0_vendre_Ain_Sebaa_57342001.htm,"Casablanca, Ain Sebaa",casablanca,ain sebaa,1070000
Appartements à vendre 64 m² à Ben Guerir,300000,"Appartements dans Ben Guerir, Toute la ville",64,3,2,https://www.avito.ma/fr/ben_guerir/appartements/Appartements_%C3%A0_vendre_64_m%C2%B2_%C3%A0_Ben_Guerir_57735424.htm,"Ben Guerir, Toute la ville",ben guerir,toute la ville,300000
CMN-SI-1881 - Appartement à vendre à Bourgogne Est,1800000,"Appartements dans Casablanca, Bourgogne",103,3,2,https://www.avito.ma/fr/bourgogne/appartements/CMN_SI_1881___Appartement_%C3%A0_vendre_%C3%A0_Bourgogne_Est_57341638.htm,"Casablanca, Bourgogne",casablanca,bourgogne,1800000
Appartement à vendre 170 m² à CFC,4200000,"Appartements dans Casablanca, Casablanca Finance City",170,3,3,https://www.avito.ma/fr/casablanca_finance_city/appartements/Appartement_%C3%A0_vendre_170_m%C2%B2_%C3%A0_CFC_57775845.htm,"Casablanca, Casablanca Finance City",casablanca,casablanca finance city,3280000
Appartement à vendre – Marrakech,600000,"Appartements dans Marrakech, Hay Charaf",59,2,1,https://www.avito.ma/fr/hay_charaf/appartements/Appartement_%C3%A0_vendre___Marrakech_57775121.htm,"Marrakech, Hay Charaf",marrakech,hay charaf,600000
Appartement à vendre 80 m² à Kénitra,490000,"Appartements dans Kénitra, Seyad",80,2,1,https://www.avito.ma/fr/seyad/appartements/Appartement_%C3%A0_vendre_80_m%C2%B2_%C3%A0_K%C3%A9nitra_57727010.htm,"Kénitra, Seyad",kénitra,seyad,490000
Des apt neuf a vendre 85 m2 tanger,1147500,"Appartements dans Tanger, Marjane",96,2,2,https://www.avito.ma/fr/marjane/appartements/Des_apt_neuf_a_vendre_85_m2_tanger_57284651.htm,"Tanger, Marjane",tangier,marjane,1147500
Appartement à vendre 165 m² La perle D'Agadir,2272500,"Appartements dans Agadir, Talborjt",165,4,1,https://www.avito.ma/fr/talborjt/appartements/Appartement_%C3%A0_vendre_165_m%C2%B2_La_perle_D_Agadir_56449554.htm,"Agadir, Talborjt",agadir,talborjt,2272500
Appartement à vendre 70 m² à Kénitra,360000,"Appartements dans Kénitra, Bir Rami",70,2,2,https://www.avito.ma/fr/bir_rami/appartements/Appartement_%C3%A0_vendre_70_m%C2%B2_%C3%A0_K%C3%A9nitra_57722547.htm,"Kénitra, Bir Rami",kénitra,bir rami,360000
Appartement à vendre 120 m² à Tanger,2500000,"Appartements dans Tanger, Autre secteur",165,2,2,https://www.avito.ma/fr/autre_secteur/appartements/Appartement_%C3%A0_vendre_120_m%C2%B2_%C3%A0_Tanger_57778013.htm,"Tanger, Autre secteur",tangier,autre secteur,2500000
Appartement à vendre 89 m² à Tanger malabata,2136000,"Appartements dans Tanger, Malabata",89,2,1,https://www.avito.ma/fr/malabata/appartements/Appartement_%C3%A0_vendre_89_m%C2%B2_%C3%A0_Tanger_malabata_57316793.htm,"Tanger, Malabata",tangier,malabata,2136000
Appartement triplex à vendre 128m² à HM Casablanca,850000,"Appartements dans Casablanca, Hay Mohammadi",128,4,2,https://www.avito.ma/fr/hay_mohammadi/appartements/Appartement_triplex_%C3%A0_vendre_128m%C2%B2_%C3%A0_HM_Casablanca_57029102.htm,"Casablanca, Hay Mohammadi",casablanca,hay mohammadi,850000
Appartement 82 m2 résidence Ricoflores piscine,860000,"Appartements dans Mohammedia, Centre Ville",82,2,1,https://www.avito.ma/fr/centre_ville/appartements/Appartement_82_m2_r%C3%A9sidence_Ricoflores_piscine_57355316.htm,"Mohammedia, Centre Ville",mohammedia,centre ville,860000
"Duplex avec garage privé Sidi Maarouf, Essaada",1650000,"Appartements dans Casablanca, Sidi Maarouf",159,2,3,https://www.avito.ma/fr/sidi_maarouf/appartements/Duplex_avec_garage_priv%C3%A9_Sidi_Maarouf__Essaada_57819495.htm,"Casablanca, Sidi Maarouf",casablanca,sidi maarouf,1650000
"Bel appartement à vendre Bourgogne, My Youssef",1280000,"Appartements dans Casablanca, Bourgogne",93,2,2,https://www.avito.ma/fr/bourgogne/appartements/Bel_appartement_%C3%A0_vendre_Bourgogne__My_Youssef_57793674.htm,"Casablanca, Bourgogne",casablanca,bourgogne,1280000
"Appartement à El Jadida, quartier El Milha, sur la rue",550000,"Appartements dans El Jadida, Mouilha",88,2,1,https://www.avito.ma/fr/mouilha/appartements/Appartement_%C3%A0_El_Jadida__quartier_El_Milha__sur_la_rue_57335734.htm,"El Jadida, Mouilha",el jadida,mouilha,550000
Appartement à vendre 83 m² à guéliz Marrakech,1650000,"Appartements dans Marrakech, Guéliz",80,2,1,https://www.avito.ma/fr/gu%C3%A9liz/appartements/Appartement_%C3%A0_vendre_83_m%C2%B2_%C3%A0_gu%C3%A9liz_Marrakech_55798412.htm,"Marrakech, Guéliz",marrakech,guéliz,1650000
vendre Superbe appartement 3 ch-Jnane Californie,1900000,"Appartements dans Casablanca, Californie",119,3,2,https://www.avito.ma/fr/californie/appartements/%C3%80_vendre_Superbe_appartement_3_ch_Jnane_Californie_57815555.htm,"Casablanca, Californie",casablanca,californie,1900000
3 Chambres à vendre 112 m² à Californie,2000000,"Appartements dans Casablanca, Californie",117,3,2,https://www.avito.ma/fr/californie/appartements/3_Chambres_%C3%A0_vendre_112_m%C2%B2_%C3%A0_Californie_56564980.htm,"Casablanca, Californie",casablanca,californie,2000000
Appartement 112 m² – 8e étage – Riad Tétouan,1400000,"Appartements dans Tanger, Centre ville",112,2,1,https://www.avito.ma/fr/centre_ville/appartements/Appartement_112_m%C2%B2___8e_%C3%A9tage___Riad_T%C3%A9touan_57725391.htm,"Tanger, Centre ville",tangier,centre ville,1400000
appartement a vendre meuble,600000,"Appartements dans Marrakech, Route de Casablanca",52,2,1,https://www.avito.ma/fr/route_de_casablanca/appartements/appartement_a_vendre_meuble_57699894.htm,"Marrakech, Route de Casablanca",marrakech,route de casablanca,600000
Bel appart RDC SUR centre ville,650000,"Appartements dans Mohammedia, Centre Ville",80,2,1,https://www.avito.ma/fr/centre_ville/appartements/Bel_appart_RDC_SUR_centre_ville_55947144.htm,"Mohammedia, Centre Ville",mohammedia,centre ville,650000
Appartement Valencia Beach Mansouria,840000,"Appartements dans Mohammedia, Corniche",89,2,1,https://www.avito.ma/fr/corniche/appartements/Appartement_Valencia_Beach_Mansouria_57224794.htm,"Mohammedia, Corniche",mohammedia,corniche,840000
Appartement 86m² à vendre – Al Azdihar Marrakech,1300000,"Appartements dans Marrakech, Hay Izdihar",86,2,2,https://www.avito.ma/fr/hay_izdihar/appartements/Appartement_86m%C2%B2_%C3%A0_vendre___Al_Azdihar_Marrakech_57834491.htm,"Marrakech, Hay Izdihar",marrakech,hay izdihar,1300000
Appartement 126m² 4ème étg. terrasse à Maârif,1450000,"Appartements dans Casablanca, Val Fleuri",126,2,2,https://www.avito.ma/fr/val_fleuri/appartements/Appartement_126m%C2%B2_4%C3%A8me_%C3%A9tg__terrasse_%C3%A0_Ma%C3%A2rif_56872194.htm,"Casablanca, Val Fleuri",casablanca,val fleuri,1450000
Appartement à vendre à Cabo Negro,1400000,"Appartements dans Cabo Negro, Toute la ville",75,1,1,https://www.avito.ma/fr/cabo_negro/appartements/Appartement_%C3%A0_vendre_%C3%A0_Cabo_Negro_57745510.htm,"Cabo Negro, Toute la ville",cabo negro,toute la ville,1400000
Appartement 2 chambres corniche investisseurs airbnb,1100000,"Appartements dans Tanger, Malabata",75,2,1,https://www.avito.ma/fr/malabata/appartements/Appartement_2_chambres_corniche_investisseurs_airbnb_57831155.htm,"Tanger, Malabata",tangier,malabata,1100000
CMN-HA-1848 - Appartement à vendre à Lissasfa,930000,"Appartements dans Casablanca, Lissasfa",103,3,1,https://www.avito.ma/fr/lissasfa/appartements/CMN_HA_1848___Appartement_%C3%A0_vendre_%C3%A0_Lissasfa_57291337.htm,"Casablanca, Lissasfa",casablanca,lissasfa,930000
Studio à vendre,1083000,"Appartements dans Agadir, Haut-Founty",57,1,1,https://www.avito.ma/fr/haut_founty/appartements/Studio_%C3%A0_vendre_57803904.htm,"Agadir, Haut-Founty",agadir,haut-founty,1083000
Appartement d’architecte neuf sans vis-à-vis,1750000,"Appartements dans Casablanca, Franceville",83,2,2,https://www.avito.ma/fr/franceville/appartements/Appartement_d_architecte_neuf_sans_vis_%C3%A0_vis_57272154.htm,"Casablanca, Franceville",casablanca,franceville,1750000
Appartement Neuf 84 m² à Guéliz Avec Piscine,1550000,"Appartements dans Marrakech, Guéliz",84,2,2,https://www.avito.ma/fr/gu%C3%A9liz/appartements/Appartement_Neuf_84_m%C2%B2_%C3%A0_Gu%C3%A9liz_Avec_Piscine_56259750.htm,"Marrakech, Guéliz",marrakech,guéliz,1550000
STUDIO MAGNIFIQUE À SAISIR,1350000,"Appartements dans Casablanca, Riviera",48,1,1,https://www.avito.ma/fr/riviera/appartements/STUDIO_MAGNIFIQUE_%C3%80_SAISIR_56341164.htm,"Casablanca, Riviera",casablanca,riviera,1350000
Appartement enregistré à vendre,6200000,"Appartements dans Tétouan, Al Azhar",126,3,1,https://www.avito.ma/fr/al_azhar/appartements/Appartement_enregistr%C3%A9_%C3%A0_vendre_57838894.htm,"Tétouan, Al Azhar",tétouan,al azhar,3280000
Joli appart 113m2 près de Amoud et McDonald,1300000,"Appartements dans Marrakech, Av Abdelkrim El Khattabi",113,2,1,https://www.avito.ma/fr/av_abdelkrim_el_khattabi/appartements/Joli_appart_113m2_pr%C3%A8s_de_Amoud_et_McDonald_57720703.htm,"Marrakech, Av Abdelkrim El Khattabi",marrakech,av abdelkrim el khattabi,1300000
Studio exceptionnel de 60 m² au centre Guéliz,1500000,"Appartements dans Marrakech, Guéliz",60,1,1,https://www.avito.ma/fr/gu%C3%A9liz/appartements/Studio_exceptionnel_de_60_m%C2%B2_au_centre_Gu%C3%A9liz_57638403.htm,"Marrakech, Guéliz",marrakech,guéliz,1500000
Studio vue piscine à vendre 51 m² à Marrakech,1150000,"Appartements dans Marrakech, Hivernage",51,1,1,https://www.avito.ma/fr/hivernage/appartements/Studio_vue_piscine_%C3%A0_vendre_51_m%C2%B2_%C3%A0_Marrakech_57774591.htm,"Marrakech, Hivernage",marrakech,hivernage,1150000
Appartement meublé à vendre dans un quartier résidentiel à Tamassna,550000,"Appartements dans Tamesna, Toute la ville",61,1,2,https://www.avito.ma/fr/tamesna/appartements/Appartement_meubl%C3%A9_%C3%A0_vendre_dans_un_quartier_r%C3%A9sidentiel_%C3%A0_Tamassna_57140046.htm,"Tamesna, Toute la ville",tamesna,toute la ville,550000
VENDRE Bel appartement moderne 55m² à Belvédère,730000,"Appartements dans Casablanca, Belvédère",55,1,1,https://www.avito.ma/fr/belv%C3%A9d%C3%A8re/appartements/%C3%80_VENDRE_Bel_appartement_moderne_55m%C2%B2_%C3%A0_Belv%C3%A9d%C3%A8re_57838866.htm,"Casablanca, Belvédère",casablanca,belvédère,730000
Appartement 5 pièces de 158 m2 à Casablanca,1400000,"Appartements dans Casablanca, Sidi Moumen",158,3,2,https://www.avito.ma/fr/sidi_moumen/appartements/Vente_Appartement_5_pi%C3%A8ces_de_158_m2_%C3%A0_Casablanca_57838838.htm,"Casablanca, Sidi Moumen",casablanca,sidi moumen,1400000
Penthouse avec piscine à vendre 320 m² à Tanger,7680000,"Appartements dans Tanger, Malabata",320,2,1,https://www.avito.ma/fr/malabata/appartements/Penthouse_avec_piscine_%C3%A0_vendre_320_m%C2%B2_%C3%A0_Tanger_57316830.htm,"Tanger, Malabata",tangier,malabata,3280000
Studios Neuf 36m à 38m Quartiers Des Hôpitaux,820000,"Appartements dans Casablanca, 2 Mars",36,1,1,https://www.avito.ma/fr/2_mars/appartements/Studios_Neuf_36m_%C3%A0_38m_Quartiers_Des_H%C3%B4pitaux_54451973.htm,"Casablanca, 2 Mars",casablanca,2 mars,820000
"Appartement à vendre titré à Tanger, Al Amel",750000,"Appartements dans Tanger, Aouama Gharbia",100,2,2,https://www.avito.ma/fr/aouama_gharbia/appartements/Appartement_%C3%A0_vendre_titr%C3%A9_%C3%A0_Tanger__Al_Amel_57838851.htm,"Tanger, Aouama Gharbia",tangier,aouama gharbia,750000
Appartement 195m² à vendre à Californie Bachkou,2550000,"Appartements dans Casablanca, Californie",195,3,2,https://www.avito.ma/fr/californie/appartements/Appartement_195m%C2%B2_%C3%A0_vendre_%C3%A0_Californie_Bachkou_56762095.htm,"Casablanca, Californie",casablanca,californie,2550000
Appartement à vendre 94 m² à Temara Wifak,1250000,"Appartements dans Temara, Oued Eddahab",94,3,1,https://www.avito.ma/fr/oued_eddahab/appartements/Appartement_%C3%A0_vendre_94_m%C2%B2_%C3%A0_Temara_Wifak_57774654.htm,"Temara, Oued Eddahab",temara,oued eddahab,1250000
Appartement à vendre 43 m² à bourgogne,1300000,"Appartements dans Casablanca, Bourgogne",43,1,1,https://www.avito.ma/fr/bourgogne/appartements/Appartement_%C3%A0_vendre_43_m%C2%B2_%C3%A0_bourgogne_57526960.htm,"Casablanca, Bourgogne",casablanca,bourgogne,1300000
Appartement chouka à Kénitra,610000,"Appartements dans Kénitra, Ouled Oujih",80,2,2,https://www.avito.ma/fr/ouled_oujih/appartements/Appartement_chouka_%C3%A0_K%C3%A9nitra_57737886.htm,"Kénitra, Ouled Oujih",kénitra,ouled oujih,610000
Appartement à vendre 97 m² à Marrakech,2330000,"Appartements dans Marrakech, Guéliz",97,2,1,https://www.avito.ma/fr/gu%C3%A9liz/appartements/Appartement_%C3%A0_vendre_97_m%C2%B2_%C3%A0_Marrakech_57658733.htm,"Marrakech, Guéliz",marrakech,guéliz,2330000
Appartement à vendre 82 m² à Kénitra,390000,"Appartements dans Kénitra, Bir Rami",82,2,2,https://www.avito.ma/fr/bir_rami/appartements/Appartement_%C3%A0_vendre_82_m%C2%B2_%C3%A0_K%C3%A9nitra_57694418.htm,"Kénitra, Bir Rami",kénitra,bir rami,390000
"Appartement à vendre Saada, près de Marjane, route de Casa, en sous-sol",440000,"Appartements dans Marrakech, Es Saada",60,2,1,https://www.avito.ma/fr/es_saada/appartements/Appartement_%C3%A0_vendre_Saada__pr%C3%A8s_de_Marjane__route_de_Casa__en_sous_sol_57202899.htm,"Marrakech, Es Saada",marrakech,es saada,440000
Studio 43m Haut de Gamme Proche Tram,1000000,"Appartements dans Casablanca, 2 Mars",43,1,1,https://www.avito.ma/fr/2_mars/appartements/Studio_43m_Haut_de_Gamme_Proche_Tram_57721374.htm,"Casablanca, 2 Mars",casablanca,2 mars,1000000
Appartement neuf et moderne sur la corniche,1700000,"Appartements dans Tanger, Malabata",100,2,2,https://www.avito.ma/fr/malabata/appartements/Appartement_neuf_et_moderne_sur_la_corniche_57703995.htm,"Tanger, Malabata",tangier,malabata,1700000
appartement quartier oulfa,1300000,"Appartements dans Casablanca, Oulfa",144,2,1,https://www.avito.ma/fr/oulfa/appartements/appartement_quartier_oulfa_57522572.htm,"Casablanca, Oulfa",casablanca,oulfa,1300000
Appartement à vendre à Oued Laou Mekkad,860000,"Appartements dans Oued Laou, Toute la ville",85,2,1,https://www.avito.ma/fr/oued_laou/appartements/Appartement_%C3%A0_vendre_%C3%A0_Oued_Laou_Mekkad_57838840.htm,"Oued Laou, Toute la ville",oued laou,toute la ville,860000
"Appartement 2 façades, 3ème étage, Iris",650000,"Appartements dans Oujda, Iris",75,2,1,https://www.avito.ma/fr/iris/appartements/Appartement_2_fa%C3%A7ades__3%C3%A8me_%C3%A9tage__Iris_57803662.htm,"Oujda, Iris",oujda,iris,650000
Appartement à vendre 92 m² Espace dubai à Inzegan,1012000,"Appartements dans Inzegan, Toute la ville",92,3,1,https://www.avito.ma/fr/inzegan/appartements/Appartement_%C3%A0_vendre_92_m%C2%B2_Espace_dubai_%C3%A0_Inzegan_56449562.htm,"Inzegan, Toute la ville",inzegan,toute la ville,1012000
Appartement 100 m² Les Collines Sidi Maarouf,1180000,"Appartements dans Casablanca, Sidi Maarouf",100,3,2,https://www.avito.ma/fr/sidi_maarouf/appartements/Appartement_100_m%C2%B2_Les_Collines_Sidi_Maarouf_57755840.htm,"Casablanca, Sidi Maarouf",casablanca,sidi maarouf,1180000
Appartement à vendre à Harhoura,1900000,"Appartements dans Temara, Harhoura",95,2,2,https://www.avito.ma/fr/harhoura/appartements/Appartement_%C3%A0_vendre_%C3%A0_Harhoura_56546117.htm,"Temara, Harhoura",temara,harhoura,1900000
Appartement meublé à vendre Hay Azdihar,560000,"Appartements dans Marrakech, Hay Izdihar",60,2,1,https://www.avito.ma/fr/hay_izdihar/appartements/Appartement_meubl%C3%A9_%C3%A0_vendre_Hay_Azdihar_57758375.htm,"Marrakech, Hay Izdihar",marrakech,hay izdihar,560000
Appartement à vendre 75 m² à Kénitra,390000,"Appartements dans Kénitra, Bir Rami",75,2,2,https://www.avito.ma/fr/bir_rami/appartements/Appartement_%C3%A0_vendre_75_m%C2%B2_%C3%A0_K%C3%A9nitra_57694379.htm,"Kénitra, Bir Rami",kénitra,bir rami,390000
Appartement à vendre 145 m² à la marina casablanca,3900000,"Appartements dans Tanger, Autre secteur",155,2,3,https://www.avito.ma/fr/autre_secteur/appartements/Appartement_%C3%A0_vendre_145_m%C2%B2_%C3%A0_la_marina_casablanca_56472283.htm,"Tanger, Autre secteur",tangier,autre secteur,3280000
Appartement à vendre 115 m² à Temara,1690000,"Appartements dans Temara, Oued Eddahab",115,3,1,https://www.avito.ma/fr/oued_eddahab/appartements/Appartement_%C3%A0_vendre_115_m%C2%B2_%C3%A0_Temara_57774592.htm,"Temara, Oued Eddahab",temara,oued eddahab,1690000
Appartement à vendre 80 m² à Kénitra,550000,"Appartements dans Kénitra, Seyad",80,2,2,https://www.avito.ma/fr/seyad/appartements/Appartement_%C3%A0_vendre_80_m%C2%B2_%C3%A0_K%C3%A9nitra_57737998.htm,"Kénitra, Seyad",kénitra,seyad,550000
Appartement à vendre 70 m² - Hay Chrifa,900000,"Appartements dans Casablanca, Hay Chrifa",70,2,1,https://www.avito.ma/fr/hay_chrifa/appartements/Appartement_%C3%A0_vendre_70_m%C2%B2___Hay_Chrifa_57736287.htm,"Casablanca, Hay Chrifa",casablanca,hay chrifa,900000
Appartement à vendre 119 m² sur 2mars,1606500,"Appartements dans Casablanca, 2 Mars",119,3,1,https://www.avito.ma/fr/2_mars/appartements/Appartement_%C3%A0_vendre_119_m%C2%B2_sur_2mars_57556591.htm,"Casablanca, 2 Mars",casablanca,2 mars,1606500
Duplex familial - 269 m² - Ville verte,4000000,"Appartements dans Bouskoura, Ville verte",184,3,3,https://www.avito.ma/fr/ville_verte/appartements/Duplex_familial___269_m%C2%B2___Ville_verte_57176187.htm,"Bouskoura, Ville verte",bouskoura,ville verte,3280000
Appartement d’Exception au Dernier Étage,4500000,"Appartements dans Casablanca, Racine",236,4,2,https://www.avito.ma/fr/racine/appartements/Appartement_d_Exception_au_Dernier_%C3%89tage_56688438.htm,"Casablanca, Racine",casablanca,racine,3280000
👉 Appartement 64m² à vendre à Azouzia 2 chambres et salon,450000,"Appartements dans Marrakech, Azzouzia",64,2,1,https://www.avito.ma/fr/azzouzia/appartements/___Appartement_64m%C2%B2_%C3%A0_vendre_%C3%A0_Azouzia_2_chambres_et_salon_57838796.htm,"Marrakech, Azzouzia",marrakech,azzouzia,450000
2 Appartements moyen standing à vendre – Benguerir,520000,"Appartements dans Ben Guerir, Toute la ville",92,2,2,https://www.avito.ma/fr/ben_guerir/appartements/2_Appartements_moyen_standing_%C3%A0_vendre___Benguerir_56548870.htm,"Ben Guerir, Toute la ville",ben guerir,toute la ville,520000
Appartement de 50m² à Vendre à Tanger,380000,"Appartements dans Tanger, Aouama Gharbia",50,2,1,https://www.avito.ma/fr/aouama_gharbia/appartements/Appartement_de_50m%C2%B2_%C3%A0_Vendre_%C3%A0_Tanger_53397026.htm,"Tanger, Aouama Gharbia",tangier,aouama gharbia,380000
Studio haut standing meublé à vendre – Mehdia,760000,"Appartements dans Kénitra, Autre secteur",56,1,1,https://www.avito.ma/fr/autre_secteur/appartements/Studio_haut_standing_meubl%C3%A9_%C3%A0_vendre___Mehdia_57320245.htm,"Kénitra, Autre secteur",kénitra,autre secteur,760000
Appartement à vendre à Berrechid,640000,"Appartements dans Berrechid, Toute la ville",120,2,2,https://www.avito.ma/fr/berrechid/appartements/Appartement_%C3%A0_vendre_%C3%A0_Berrechid_57560654.htm,"Berrechid, Toute la ville",berrechid,toute la ville,640000
Appartement moderne à vendre,430000,"Appartements dans Marrakech, Es Saada",60,2,1,https://www.avito.ma/fr/es_saada/appartements/Appartement_moderne_%C3%A0_vendre_57832197.htm,"Marrakech, Es Saada",marrakech,es saada,430000
appartement a vendre,1200000,"Appartements dans Casablanca, Belvédère",106,2,2,https://www.avito.ma/fr/belv%C3%A9d%C3%A8re/appartements/appartement_a_vendre_57838762.htm,"Casablanca, Belvédère",casablanca,belvédère,1200000
A vendre un appart Duplex meublé avec terrasses,4300000,"Appartements dans Casablanca, Racine",234,3,3,https://www.avito.ma/fr/racine/appartements/A_vendre_un_appart_Duplex_meubl%C3%A9_avec_terrasses_56380562.htm,"Casablanca, Racine",casablanca,racine,3280000
Appartement Titré à vendre à Tanger Aouma,800000,"Appartements dans Tanger, Aouama Gharbia",90,3,1,https://www.avito.ma/fr/aouama_gharbia/appartements/Appartement_Titr%C3%A9_%C3%A0_vendre_%C3%A0_Tanger_Aouma_57838757.htm,"Tanger, Aouama Gharbia",tangier,aouama gharbia,800000
Appartement à vendre 84 m² au centre de Tétouan,800000,"Appartements dans Tétouan, Centre ville",84,2,1,https://www.avito.ma/fr/centre_ville/appartements/Appartement_%C3%A0_vendre_84_m%C2%B2_au_centre_de_T%C3%A9touan_57838744.htm,"Tétouan, Centre ville",tétouan,centre ville,800000
CMN-AC-1971 - Appartement à vendre à Sidi Maarouf,770000,"Appartements dans Casablanca, Sidi Maarouf",72,2,1,https://www.avito.ma/fr/sidi_maarouf/appartements/CMN_AC_1971___Appartement_%C3%A0_vendre_%C3%A0_Sidi_Maarouf_57245006.htm,"Casablanca, Sidi Maarouf",casablanca,sidi maarouf,770000
Appartement à vendre 116 m² à Martil,750000,"Appartements dans Martil, Toute la ville",116,2,2,https://www.avito.ma/fr/martil/appartements/Appartement_%C3%A0_vendre_116_m%C2%B2_%C3%A0_Martil_56786562.htm,"Martil, Toute la ville",martil,toute la ville,750000
Appartement de luxe avec deux façades à vendre,750000,"Appartements dans Fès, Route d'Immouzere",107,3,2,https://www.avito.ma/fr/route_d_immouzere/appartements/Appartement_de_luxe_avec_deux_fa%C3%A7ades_%C3%A0_vendre_57838710.htm,"Fès, Route d'Immouzere",fès,route d'immouzere,750000
Appartement à vendre 144 m² à 2 Mars Casablanca,1650000,"Appartements dans Casablanca, 2 Mars",144,2,2,https://www.avito.ma/fr/2_mars/appartements/Appartement_%C3%A0_vendre_144_m%C2%B2_%C3%A0_2_Mars_Casablanca_57742925.htm,"Casablanca, 2 Mars",casablanca,2 mars,1650000
"Appartement à vendre, superficie 80 m², 12 m² de garage, Wafaq Tamaris",1200000,"Appartements dans Temara, Wifak",92,2,2,https://www.avito.ma/fr/wifak/appartements/Appartement_%C3%A0_vendre__superficie_80_m%C2%B2__12_m%C2%B2_de_garage__Wafaq_Tamaris_57838676.htm,"Temara, Wifak",temara,wifak,1200000
CMN-MA-2404 - Appartement à vendre à Les princesses,2400000,"Appartements dans Casablanca, Les Princesses",121,3,2,https://www.avito.ma/fr/les_princesses/appartements/CMN_MA_2404___Appartement_%C3%A0_vendre_%C3%A0_Les_princesses_57234386.htm,"Casablanca, Les Princesses",casablanca,les princesses,2400000
"Appartement à vendre devant la nouvelle gare routière, sans intermédiaire",495000,"Appartements dans Tanger, Autre secteur",60,2,1,https://www.avito.ma/fr/autre_secteur/appartements/Appartement_%C3%A0_vendre_devant_la_nouvelle_gare_routi%C3%A8re__sans_interm%C3%A9diaire_57308329.htm,"Tanger, Autre secteur",tangier,autre secteur,495000
Appartement à vendre 84/92/94m² à Salé Al Jadida,1092000,"Appartements dans Salé, Sala El Jadida",84,3,2,https://www.avito.ma/fr/sala_el_jadida/appartements/Appartement_%C3%A0_vendre_84_92_94m%C2%B2_%C3%A0_Sal%C3%A9_Al_Jadida_57535043.htm,"Salé, Sala El Jadida",salé,sala el jadida,1092000
Appartement titré à vendre à Martil,830000,"Appartements dans Martil, Toute la ville",68,2,1,https://www.avito.ma/fr/martil/appartements/Appartement_titr%C3%A9_%C3%A0_vendre_%C3%A0_Martil_57838669.htm,"Martil, Toute la ville",martil,toute la ville,830000
Appartement à vendre 80 m² à Ksar el-Kebir,330000,"Appartements dans Ksar el-Kebir, Toute la ville",80,2,2,https://www.avito.ma/fr/ksar_el_kebir/appartements/Appartement_%C3%A0_vendre_80_m%C2%B2_%C3%A0_Ksar_el_Kebir_57828372.htm,"Ksar el-Kebir, Toute la ville",ksar el-kebir,toute la ville,330000
"Appartement 60m avec balcon, 2ème étage",550000,"Appartements dans Marrakech, Autre secteur",60,2,1,https://www.avito.ma/fr/autre_secteur/appartements/Appartement_60m_avec_balcon__2%C3%A8me_%C3%A9tage_57715624.htm,"Marrakech, Autre secteur",marrakech,autre secteur,550000
Appartement à vendre 114 m² à Casablanca,1350000,"Appartements dans Casablanca, 2 Mars",114,2,2,https://www.avito.ma/fr/2_mars/appartements/Appartement_%C3%A0_vendre_114_m%C2%B2_%C3%A0_Casablanca_57278196.htm,"Casablanca, 2 Mars",casablanca,2 mars,1350000
CMN-HA-1920 - Appartement à vendre à Oulfa,1092000,"Appartements dans Casablanca, Oulfa",78,2,2,https://www.avito.ma/fr/oulfa/appartements/CMN_HA_1920___Appartement_%C3%A0_vendre_%C3%A0_Oulfa_57324742.htm,"Casablanca, Oulfa",casablanca,oulfa,1092000
Superbe appartement de 90 m² entièrement rénové,1260000,"Appartements dans Casablanca, Nassim",90,2,1,https://www.avito.ma/fr/nassim/appartements/Superbe_appartement_de_90_m%C2%B2_enti%C3%A8rement_r%C3%A9nov%C3%A9_57645554.htm,"Casablanca, Nassim",casablanca,nassim,1260000
appartement vue piscine 2 chambres à CASABAY,1250000,"Appartements dans Sidi Rahal, Toute la ville",87,2,2,https://www.avito.ma/fr/sidi_rahal/appartements/appartement_vue_piscine_2_chambres_%C3%A0_CASABAY_57759302.htm,"Sidi Rahal, Toute la ville",sidi rahal,toute la ville,1250000
Magnifique Studio de 50 m² au cœur de Guéliz,1350000,"Appartements dans Marrakech, Guéliz",50,1,1,https://www.avito.ma/fr/gu%C3%A9liz/appartements/Magnifique_Studio_de_50_m%C2%B2_au_c_ur_de_Gu%C3%A9liz_57634615.htm,"Marrakech, Guéliz",marrakech,guéliz,1350000
Appartement 3 chambres à 2min de Casanearshore,780000,"Appartements dans Casablanca, Sidi Maarouf",70,3,1,https://www.avito.ma/fr/sidi_maarouf/appartements/Appartement_3_chambres_%C3%A0_2min_de_Casanearshore_57828086.htm,"Casablanca, Sidi Maarouf",casablanca,sidi maarouf,780000
Appartement ensoleillé dans un endroit magnifique près du golf,600000,"Appartements dans Benslimane, Autre secteur",98,2,1,https://www.avito.ma/fr/autre_secteur/appartements/Appartement_ensoleill%C3%A9_dans_un_endroit_magnifique_pr%C3%A8s_du_golf_57732570.htm,"Benslimane, Autre secteur",benslimane,autre secteur,600000
"Appartement 140 m² à Sidi Bouzid, bien rénové",480000,"Appartements dans El Jadida, Autre secteur",140,2,2,https://www.avito.ma/fr/autre_secteur/appartements/Appartement_140_m%C2%B2_%C3%A0_Sidi_Bouzid__bien_r%C3%A9nov%C3%A9_55546850.htm,"El Jadida, Autre secteur",el jadida,autre secteur,480000
Appartement à vendre 117 m² à Rabat,3200000,"Appartements dans Rabat, Hay Riad",117,3,2,https://www.avito.ma/fr/hay_riad/appartements/Appartement_%C3%A0_vendre_117_m%C2%B2_%C3%A0_Rabat_57838535.htm,"Rabat, Hay Riad",rabat,hay riad,3200000
175015-Vente Appt à Bouskoura Bouskoura de 80 m²,900000,Appartements dans Bouskoura,80,2,2,https://www.avito.ma/fr/bouskoura/appartements/175015_Vente_Appt_%C3%A0_Bouskoura_Bouskoura_de_80_m%C2%B2_57651971.htm,Bouskoura,bouskoura,,900000
Appartement à vendre 62 m² à Ksar el-Kebir,350000,"Appartements dans Ksar el-Kebir, Toute la ville",62,2,2,https://www.avito.ma/fr/ksar_el_kebir/appartements/Appartement_%C3%A0_vendre_62_m%C2%B2_%C3%A0_Ksar_el_Kebir_57838539.htm,"Ksar el-Kebir, Toute la ville",ksar el-kebir,toute la ville,350000
Appartement à vendre 50 m² à Tanger,380000,"Appartements dans Tanger, Mghogha",50,2,1,https://www.avito.ma/fr/mghogha/appartements/Appartement_%C3%A0_vendre_50_m%C2%B2_%C3%A0_Tanger_53451108.htm,"Tanger, Mghogha",tangier,mghogha,380000
Appartement à proximité de la gare routière,380000,"Appartements dans Tanger, Autre secteur",50,2,1,https://www.avito.ma/fr/autre_secteur/appartements/Vente_Appartement_%C3%A0_proximit%C3%A9_de_la_gare_routi%C3%A8re_53297845.htm,"Tanger, Autre secteur",tangier,autre secteur,380000
Appart 78m A Mazola Proche CFC,1050000,"Appartements dans Casablanca, Oulfa",78,2,2,https://www.avito.ma/fr/oulfa/appartements/Appart_78m_A_Mazola_Proche_CFC_57742070.htm,"Casablanca, Oulfa",casablanca,oulfa,1050000
Appartement de standing à vendre à Marrakech,1500000,"Appartements dans Marrakech, Semlalia",89,2,2,https://www.avito.ma/fr/semlalia/appartements/Appartement_de_standing_%C3%A0_vendre_%C3%A0_Marrakech_57813976.htm,"Marrakech, Semlalia",marrakech,semlalia,1500000
Appartement 3 chambres ascenseur syndic sur le boulevard,1950000,"Appartements dans Tanger, Centre ville",150,3,2,https://www.avito.ma/fr/centre_ville/appartements/Appartement_3_chambres_ascenseur_syndic_sur_le_boulevard_57838530.htm,"Tanger, Centre ville",tangier,centre ville,1950000
vendre un bel appartement,950000,"Appartements dans Casablanca, Belvédère",105,2,2,https://www.avito.ma/fr/belv%C3%A9d%C3%A8re/appartements/%C3%80_vendre_un_bel_appartement_56460277.htm,"Casablanca, Belvédère",casablanca,belvédère,950000
CMN-MA-1139 - Appartement à vendre à Val Fleurie,1800000,"Appartements dans Casablanca, Val Fleuri",129,2,2,https://www.avito.ma/fr/val_fleuri/appartements/CMN_MA_1139___Appartement_%C3%A0_vendre_%C3%A0_Val_Fleurie_57319442.htm,"Casablanca, Val Fleuri",casablanca,val fleuri,1800000
PROJET NEUF DE HAUT STANDING PRÈS DE LA PALMERAIE,960000,"Appartements dans Marrakech, Route de Casablanca",60,1,1,https://www.avito.ma/fr/route_de_casablanca/appartements/PROJET_NEUF_DE_HAUT_STANDING_PR%C3%88S_DE_LA_PALMERAIE_57507349.htm,"Marrakech, Route de Casablanca",marrakech,route de casablanca,960000
28. Confort et Qualité Ain Sebaa,950000,"Appartements dans Casablanca, Ain Sebaa",78,2,2,https://www.avito.ma/fr/ain_sebaa/appartements/28__Confort_et_Qualit%C3%A9_Ain_Sebaa_57120970.htm,"Casablanca, Ain Sebaa",casablanca,ain sebaa,950000
Nouveaux appartement à vendre de 50 m² à Tanger,380000,"Appartements dans Tanger, Aouama Gharbia",50,2,1,https://www.avito.ma/fr/aouama_gharbia/appartements/Nouveaux_appartement_%C3%A0_vendre_de_50_m%C2%B2_%C3%A0_Tanger_53330018.htm,"Tanger, Aouama Gharbia",tangier,aouama gharbia,380000
Appartement socoma 85 m² quartier pièces,750000,"Appartements dans Marrakech, Autre secteur",85,3,1,https://www.avito.ma/fr/autre_secteur/appartements/Appartement_socoma_85_m%C2%B2_quartier_pi%C3%A8ces_56266239.htm,"Marrakech, Autre secteur",marrakech,autre secteur,750000
Appartement à vendre 75 m² à Marrakech,720000,"Appartements dans Marrakech, Autre secteur",75,2,1,https://www.avito.ma/fr/autre_secteur/appartements/Appartement_%C3%A0_vendre_75_m%C2%B2_%C3%A0_Marrakech_55643174.htm,"Marrakech, Autre secteur",marrakech,autre secteur,720000
Appartement à vendre à hay Salam Agadir,580000,"Appartements dans Agadir, Hay Salam",50,2,1,https://www.avito.ma/fr/hay_salam/appartements/Appartement_%C3%A0_vendre_%C3%A0_hay_Salam_Agadir_57763122.htm,"Agadir, Hay Salam",agadir,hay salam,580000
Appartement neuf 70m,560000,"Appartements dans Marrakech, Autre secteur",70,3,1,https://www.avito.ma/fr/autre_secteur/appartements/Appartement_neuf_70m_56211723.htm,"Marrakech, Autre secteur",marrakech,autre secteur,560000
43. Opportunité Logement Ain Sebaa,950000,"Appartements dans Casablanca, Ain Sebaa",78,2,2,https://www.avito.ma/fr/ain_sebaa/appartements/43__Opportunit%C3%A9_Logement_Ain_Sebaa_57121468.htm,"Casablanca, Ain Sebaa",casablanca,ain sebaa,950000
Très jolie appartement 88 mètres à Sala al Jadida,1200000,"Appartements dans Salé, Sala El Jadida",88,3,2,https://www.avito.ma/fr/sala_el_jadida/appartements/Tr%C3%A8s_jolie_appartement_88_m%C3%A8tres_%C3%A0_Sala_al_Jadida_57416683.htm,"Salé, Sala El Jadida",salé,sala el jadida,1200000
Appartement à vendre 60 m² 1balcon,470000,"Appartements dans Marrakech, Autre secteur",60,2,1,https://www.avito.ma/fr/autre_secteur/appartements/Appartement_%C3%A0_vendre_60_m%C2%B2_1balcon_56240441.htm,"Marrakech, Autre secteur",marrakech,autre secteur,470000
"Appartement 56 m², ascenseur, syndic, 5 minutes de Malabata",550000,"Appartements dans Tanger, Tanja Balia",56,2,1,https://www.avito.ma/fr/tanja_balia/appartements/Appartement_56_m%C2%B2__ascenseur__syndic__5_minutes_de_Malabata_57838479.htm,"Tanger, Tanja Balia",tangier,tanja balia,550000
Joli appartement à vendre Abwab Marrakech,310000,"Appartements dans Marrakech, Les Portes de Marrakech",57,2,1,https://www.avito.ma/fr/les_portes_de_marrakech/appartements/Joli_appartement_%C3%A0_vendre_Abwab_Marrakech_57634279.htm,"Marrakech, Les Portes de Marrakech",marrakech,les portes de marrakech,310000
Appartement 2ème étage Mhamid 9,400000,"Appartements dans Marrakech, M'Hamid",65,2,2,https://www.avito.ma/fr/m_hamid/appartements/Appartement_2%C3%A8me_%C3%A9tage_Mhamid_9_57248351.htm,"Marrakech, M'Hamid",marrakech,m'hamid,400000
Bel Appartement à vendre 80 m² à Oujda 700000,700000,"Appartements dans Oujda, Autre secteur",80,2,1,https://www.avito.ma/fr/autre_secteur/appartements/Bel_Appartement_%C3%A0_vendre_80_m%C2%B2_%C3%A0_Oujda_700000_56652814.htm,"Oujda, Autre secteur",oujda,autre secteur,700000
Appartement 3 chambres à vendre,1090000,"Appartements dans Kénitra, Mimosas",120,3,2,https://www.avito.ma/fr/mimosas/appartements/Appartement_3_chambres_%C3%A0_vendre_57667536.htm,"Kénitra, Mimosas",kénitra,mimosas,1090000
Appartement neuf haut standing,650000,"Appartements dans Dar Bouazza, Toute la ville",66,2,2,https://www.avito.ma/fr/dar_bouazza/appartements/Appartement_neuf_haut_standing_56888994.htm,"Dar Bouazza, Toute la ville",dar bouazza,toute la ville,650000
Appartement à vendre 56 m² à Casablanca,440000,"Appartements dans Casablanca, Sidi Moumen",56,2,1,https://www.avito.ma/fr/sidi_moumen/appartements/Appartement_%C3%A0_vendre_56_m%C2%B2_%C3%A0_Casablanca_57803487.htm,"Casablanca, Sidi Moumen",casablanca,sidi moumen,440000
Appartement 3 chambres 80 mètres ascenseur syndic 5 minutes Malabata,750000,"Appartements dans Tanger, Tanja Balia",80,3,1,https://www.avito.ma/fr/tanja_balia/appartements/Appartement_3_chambres_80_m%C3%A8tres_ascenseur_syndic_5_minutes_Malabata_57838469.htm,"Tanger, Tanja Balia",tangier,tanja balia,750000
Appartement à vendre 126 m² Tafraoute à Marrakech,2583000,"Appartements dans Marrakech, Hivernage",126,3,1,https://www.avito.ma/fr/hivernage/appartements/Appartement_%C3%A0_vendre_126_m%C2%B2_Tafraoute_%C3%A0_Marrakech_57551501.htm,"Marrakech, Hivernage",marrakech,hivernage,2583000
Studio 47m Maarif Proche Twin Center,1080000,"Appartements dans Casablanca, Maarif",47,1,1,https://www.avito.ma/fr/maarif/appartements/Studio_47m_Maarif_Proche_Twin_Center_57508882.htm,"Casablanca, Maarif",casablanca,maarif,1080000
Superbe studio au Quartier du Parc,830000,"Appartements dans Mohammedia, Quartier du Parc",65,1,1,https://www.avito.ma/fr/quartier_du_parc/appartements/Superbe_studio_au_Quartier_du_Parc_57191208.htm,"Mohammedia, Quartier du Parc",mohammedia,quartier du parc,830000
Appartement à vendre sur Hay Riad,4300000,"Appartements dans Rabat, Hay Riad",210,3,3,https://www.avito.ma/fr/hay_riad/appartements/Appartement_%C3%A0_vendre_sur_Hay_Riad_57760408.htm,"Rabat, Hay Riad",rabat,hay riad,3280000
Studio à vendre 52 m² à Californie,1100000,"Appartements dans Casablanca, Californie",58,1,1,https://www.avito.ma/fr/californie/appartements/Studio_%C3%A0_vendre_52_m%C2%B2_%C3%A0_Californie_56564882.htm,"Casablanca, Californie",casablanca,californie,1100000
Appartement 117m² à Les Princesses,1430000,"Appartements dans Casablanca, Les Princesses",117,2,2,https://www.avito.ma/fr/les_princesses/appartements/Appartement_117m%C2%B2_%C3%A0_Les_Princesses_57770344.htm,"Casablanca, Les Princesses",casablanca,les princesses,1430000
Rare Opportunité 478 m² en Vente au Cœur de Tanger,7400000,"Appartements dans Tanger, Mozart",478,5,4,https://www.avito.ma/fr/mozart/appartements/Rare_Opportunit%C3%A9_478_m%C2%B2_en_Vente_au_C_ur_de_Tanger_56965712.htm,"Tanger, Mozart",tangier,mozart,3280000
Appartement À Vendre Aux derniers etages Vue Mer,2925000,"Appartements dans Mohammedia, Centre Ville",117,2,2,https://www.avito.ma/fr/centre_ville/appartements/Appartement_%C3%80_Vendre_Aux_derniers_etages_Vue_Mer_57834631.htm,"Mohammedia, Centre Ville",mohammedia,centre ville,2925000
Appartement meublé piscine Haut standing,1200000,"Appartements dans Marrakech, Mabrouka",70,2,2,https://www.avito.ma/fr/mabrouka/appartements/Appartement_meubl%C3%A9_piscine_Haut_standing_57415945.htm,"Marrakech, Mabrouka",marrakech,mabrouka,1200000
Appartement à rénover avec fort potentiel - Maarif,1350000,"Appartements dans Casablanca, Maarif",85,2,1,https://www.avito.ma/fr/maarif/appartements/Appartement_%C3%A0_r%C3%A9nover_avec_fort_potentiel___Maarif_57701910.htm,"Casablanca, Maarif",casablanca,maarif,1350000
Appartement à vendre 172 m² à Hay Riad,3400000,"Appartements dans Rabat, Hay Riad",172,3,3,https://www.avito.ma/fr/hay_riad/appartements/Appartement_%C3%A0_vendre_172_m%C2%B2_%C3%A0_Hay_Riad_57774244.htm,"Rabat, Hay Riad",rabat,hay riad,3280000
Appartement R+2 Cipari // Hay Mstar,1120000,"Appartements dans El Jadida, Autre secteur",135,3,1,https://www.avito.ma/fr/autre_secteur/appartements/Appartement_R_2_Cipari____Hay_Mstar_57692894.htm,"El Jadida, Autre secteur",el jadida,autre secteur,1120000
Appart 96 m2 Mandarona à côté Bd Al qods,960000,"Appartements dans Casablanca, Aïn Chock",95,2,1,https://www.avito.ma/fr/a%C3%AFn_chock/appartements/Appart_96_m2_Mandarona_%C3%A0_c%C3%B4t%C3%A9_Bd_Al_qods_56368025.htm,"Casablanca, Aïn Chock",casablanca,aïn chock,960000
Appartement à vendre 131 m² à Marrakech,1800000,"Appartements dans Marrakech, Route de Casablanca",131,3,2,https://www.avito.ma/fr/route_de_casablanca/appartements/Appartement_%C3%A0_vendre_131_m%C2%B2_%C3%A0_Marrakech_54926500.htm,"Marrakech, Route de Casablanca",marrakech,route de casablanca,1800000
Appartement à vendre,1200000,"Appartements dans Casablanca, Belvédère",106,2,2,https://www.avito.ma/fr/belv%C3%A9d%C3%A8re/appartements/Appartement_%C3%A0_vendre_57838444.htm,"Casablanca, Belvédère",casablanca,belvédère,1200000
Appartements à vendre Al Firdaws,260000,"Appartements dans Ain Aouda, Toute la ville",56,2,1,https://www.avito.ma/fr/ain_aouda/appartements/Appartements_%C3%A0_vendre_Al_Firdaws_57753624.htm,"Ain Aouda, Toute la ville",ain aouda,toute la ville,260000
Appart Duplex 250m A Résidence Andalousia,3000000,"Appartements dans Casablanca, Val Fleuri",250,4,3,https://www.avito.ma/fr/val_fleuri/appartements/Appart_Duplex_250m_A_R%C3%A9sidence_Andalousia_57257701.htm,"Casablanca, Val Fleuri",casablanca,val fleuri,3000000
RBA-YA-1053 - Appartement à vendre à Hay El Menzah,2100000,"Appartements dans Rabat, Autre secteur",150,3,2,https://www.avito.ma/fr/autre_secteur/appartements/RBA_YA_1053___Appartement_%C3%A0_vendre_%C3%A0_Hay_El_Menzah_56835389.htm,"Rabat, Autre secteur",rabat,autre secteur,2100000
Appartement à vendre 150 m² à Rabat,1650000,"Appartements dans Rabat, Agdal",130,3,1,https://www.avito.ma/fr/agdal/appartements/Appartement_%C3%A0_vendre_150_m%C2%B2_%C3%A0_Rabat_56069224.htm,"Rabat, Agdal",rabat,agdal,1650000
Appartement neuf Daam Sakane // Hay Salam,560000,"Appartements dans El Jadida, Autre secteur",70,3,2,https://www.avito.ma/fr/autre_secteur/appartements/Appartement_neuf_Daam_Sakane____Hay_Salam_57809052.htm,"El Jadida, Autre secteur",el jadida,autre secteur,560000
Appartement à vendre 253 m² à Casablanca,4350000,"Appartements dans Casablanca, Gauthier",267,4,4,https://www.avito.ma/fr/gauthier/appartements/Appartement_%C3%A0_vendre_253_m%C2%B2_%C3%A0_Casablanca_57248573.htm,"Casablanca, Gauthier",casablanca,gauthier,3280000
vendre – Appartement haut standing à Bir Rami,790000,"Appartements dans Kénitra, Bir Rami",85,2,2,https://www.avito.ma/fr/bir_rami/appartements/%C3%80_vendre___Appartement_haut_standing_%C3%A0_Bir_Rami_49131411.htm,"Kénitra, Bir Rami",kénitra,bir rami,790000
APPARTEMENT À VENDRE AU CŒUR DE GUELIZ,1500000,"Appartements dans Marrakech, Hivernage",150,2,2,https://www.avito.ma/fr/hivernage/appartements/APPARTEMENT_%C3%80_VENDRE_AU_C_UR_DE_GUELIZ_57713078.htm,"Marrakech, Hivernage",marrakech,hivernage,1500000
Appartement à vendre 118 m² à Casablanca,1750000,"Appartements dans Casablanca, Val Fleuri",118,2,1,https://www.avito.ma/fr/val_fleuri/appartements/Appartement_%C3%A0_vendre_118_m%C2%B2_%C3%A0_Casablanca_57775545.htm,"Casablanca, Val Fleuri",casablanca,val fleuri,1750000
Appartement à vendre 97 m² à Casablanca,1550000,"Appartements dans Casablanca, Val Fleuri",97,1,1,https://www.avito.ma/fr/val_fleuri/appartements/Appartement_%C3%A0_vendre_97_m%C2%B2_%C3%A0_Casablanca_57583411.htm,"Casablanca, Val Fleuri",casablanca,val fleuri,1550000
Appart 131m2 a vendre,2300000,"Appartements dans Rabat, Agdal",131,3,2,https://www.avito.ma/fr/agdal/appartements/Appart_131m2_a_vendre_57519520.htm,"Rabat, Agdal",rabat,agdal,2300000
Appartement à vendre 100 m² à Fès,520000,"Appartements dans Fès, Tghat",100,3,2,https://www.avito.ma/fr/tghat/appartements/Appartement_%C3%A0_vendre_100_m%C2%B2_%C3%A0_F%C3%A8s_55542483.htm,"Fès, Tghat",fès,tghat,520000
Studios & Appartements à partir de 65 Millions,650000,"Appartements dans Casablanca, Ain Sebaa",127,2,2,https://www.avito.ma/fr/ain_sebaa/appartements/Studios___Appartements_%C3%A0_partir_de_65_Millions_57558667.htm,"Casablanca, Ain Sebaa",casablanca,ain sebaa,650000
Appartement 170m A Ville Vert Bouskoura,3600000,"Appartements dans Bouskoura, Ville verte",170,3,2,https://www.avito.ma/fr/ville_verte/appartements/Appartement_170m_A_Ville_Vert_Bouskoura_57652771.htm,"Bouskoura, Ville verte",bouskoura,ville verte,3280000
Appartement Haut Standing Wifak,1250000,"Appartements dans Temara, Wifak",102,2,2,https://www.avito.ma/fr/wifak/appartements/Appartement_Haut_Standing_Wifak_57630734.htm,"Temara, Wifak",temara,wifak,1250000
Superbe Appartement de 90m² - 880000dhs,880000,"Appartements dans Casablanca, Roches Noires",90,2,2,https://www.avito.ma/fr/roches_noires/appartements/Superbe_Appartement_de_90m%C2%B2___880000dhs_57596390.htm,"Casablanca, Roches Noires",casablanca,roches noires,880000
Appartements 118m Haut Standing Maarif Ex,1750000,"Appartements dans Casablanca, Maarif",118,3,2,https://www.avito.ma/fr/maarif/appartements/Appartements_118m_Haut_Standing_Maarif_Ex_57320392.htm,"Casablanca, Maarif",casablanca,maarif,1750000
Projet neuf – Studios Haut Standing à 5 min de CFC,770000,"Appartements dans Casablanca, Casablanca Finance City",50,1,1,https://www.avito.ma/fr/casablanca_finance_city/appartements/Projet_neuf___Studios_Haut_Standing_%C3%A0_5_min_de_CFC_57745124.htm,"Casablanca, Casablanca Finance City",casablanca,casablanca finance city,770000
CMN-ME-1691 - Appartement à vendre à 2 Mars,2100000,"Appartements dans Casablanca, 2 Mars",156,3,2,https://www.avito.ma/fr/2_mars/appartements/CMN_ME_1691___Appartement_%C3%A0_vendre_%C3%A0_2_Mars_57340227.htm,"Casablanca, 2 Mars",casablanca,2 mars,2100000
BEN-MA-1119 - Appartement à vendre à Mansouria-B...,1640000,"Appartements dans Benslimane, Autre secteur",109,2,2,https://www.avito.ma/fr/autre_secteur/appartements/BEN_MA_1119___Appartement_%C3%A0_vendre_%C3%A0_Mansouria_B____57356776.htm,"Benslimane, Autre secteur",benslimane,autre secteur,1640000
CMN-MA-2450 - Appartement à vendre à Bd Anoual,1800000,"Appartements dans Casablanca, Autre secteur",114,3,2,https://www.avito.ma/fr/autre_secteur/appartements/CMN_MA_2450___Appartement_%C3%A0_vendre_%C3%A0_Bd_Anoual_57276428.htm,"Casablanca, Autre secteur",casablanca,autre secteur,1800000
VENDRE 162M² BD ROUDANI – MAÂRIF,2650000,"Appartements dans Casablanca, Maarif",162,3,3,https://www.avito.ma/fr/maarif/appartements/%C3%80_VENDRE_162M%C2%B2_BD_ROUDANI___MA%C3%82RIF_57838311.htm,"Casablanca, Maarif",casablanca,maarif,2650000
Studio 49m Neuf Proche Tram Anoual,1020000,"Appartements dans Casablanca, Quartier des Hôpitaux",49,1,1,https://www.avito.ma/fr/quartier_des_h%C3%B4pitaux/appartements/Studio_49m_Neuf_Proche_Tram_Anoual_57486720.htm,"Casablanca, Quartier des Hôpitaux",casablanca,quartier des hôpitaux,1020000
Appart 105m A Résidence Casa Park Sidi Maarouf,1250000,"Appartements dans Casablanca, Sidi Maarouf",105,3,2,https://www.avito.ma/fr/sidi_maarouf/appartements/Appart_105m_A_R%C3%A9sidence_Casa_Park_Sidi_Maarouf_57384299.htm,"Casablanca, Sidi Maarouf",casablanca,sidi maarouf,1250000
Appartement vue sur mer à vendre à Asilah,2000000,"Appartements dans Asilah, Toute la ville",150,3,3,https://www.avito.ma/fr/asilah/appartements/Appartement_vue_sur_mer_%C3%A0_vendre_%C3%A0_Asilah_57749648.htm,"Asilah, Toute la ville",asilah,toute la ville,2000000
"Appartement à vendre 83 m² à semlalia, guéliz",1550000,"Appartements dans Marrakech, Guéliz",84,2,2,https://www.avito.ma/fr/gu%C3%A9liz/appartements/Appartement_%C3%A0_vendre_83_m%C2%B2_%C3%A0_semlalia__gu%C3%A9liz_55811696.htm,"Marrakech, Guéliz",marrakech,guéliz,1550000
Appartement à vendre 76 m² à Marrakech,1500000,"Appartements dans Marrakech, Victor Hugo",76,2,2,https://www.avito.ma/fr/victor_hugo/appartements/Appartement_%C3%A0_vendre_76_m%C2%B2_%C3%A0_Marrakech_57647629.htm,"Marrakech, Victor Hugo",marrakech,victor hugo,1500000
Appartement économique à vendre,190000,"Appartements dans Salé, Toute la ville",55,2,1,https://www.avito.ma/fr/sal%C3%A9/appartements/Appartement_%C3%A9conomique_%C3%A0_vendre_54265071.htm,"Salé, Toute la ville",salé,toute la ville,190000
Bel Appartement Moderne Aux Palmeraies À Vendre,1500000,"Appartements dans Marrakech, Palmeraie",85,2,2,https://www.avito.ma/fr/palmeraie/appartements/Bel_Appartement_Moderne_Aux_Palmeraies_%C3%80_Vendre_57779634.htm,"Marrakech, Palmeraie",marrakech,palmeraie,1500000
Appartement 74 m² à ALMAZ,830000,"Appartements dans Casablanca, Almaz",74,2,1,https://www.avito.ma/fr/almaz/appartements/Appartement_74_m%C2%B2_%C3%A0_ALMAZ_57443082.htm,"Casablanca, Almaz",casablanca,almaz,830000
Appartement R plus deux // près de la faculté,540000,"Appartements dans El Jadida, Autre secteur",96,2,2,https://www.avito.ma/fr/autre_secteur/appartements/Appartement_R_plus_deux____pr%C3%A8s_de_la_facult%C3%A9_56354412.htm,"El Jadida, Autre secteur",el jadida,autre secteur,540000
Appartement 3 ch bien situé,530000,"Appartements dans Martil, Toute la ville",70,3,1,https://www.avito.ma/fr/martil/appartements/Appartement_3_ch_bien_situ%C3%A9_57838299.htm,"Martil, Toute la ville",martil,toute la ville,530000
CMN-MA-2188 - Appartement à vendre à Racine,1680000,"Appartements dans Casablanca, Racine",144,3,1,https://www.avito.ma/fr/racine/appartements/CMN_MA_2188___Appartement_%C3%A0_vendre_%C3%A0_Racine_56537855.htm,"Casablanca, Racine",casablanca,racine,1680000
"Appartement 112 mètres, 3 façades avec soutien",830000,"Appartements dans Marrakech, M'Hamid",112,3,1,https://www.avito.ma/fr/m_hamid/appartements/Appartement_112_m%C3%A8tres__3_fa%C3%A7ades_avec_soutien_56223074.htm,"Marrakech, M'Hamid",marrakech,m'hamid,830000
Appart 68m Maarif Ex Près Carrefour Yacoub,920000,"Appartements dans Casablanca, Maârif Extension",68,2,2,https://www.avito.ma/fr/ma%C3%A2rif_extension/appartements/Appart_68m_Maarif_Ex_Pr%C3%A8s_Carrefour_Yacoub_57779357.htm,"Casablanca, Maârif Extension",casablanca,maârif extension,920000
CMN-ME-1690 - Appartement à vendre à 2 Mars,1700000,"Appartements dans Casablanca, 2 Mars",85,2,2,https://www.avito.ma/fr/2_mars/appartements/CMN_ME_1690___Appartement_%C3%A0_vendre_%C3%A0_2_Mars_57325115.htm,"Casablanca, 2 Mars",casablanca,2 mars,1700000
DES Appartements de 109 m² à Victoria - BOUSKOURA,855000,"Appartements dans Bouskoura, Victoria",115,3,2,https://www.avito.ma/fr/victoria/appartements/DES_Appartements_de_109_m%C2%B2_%C3%A0_Victoria___BOUSKOURA_56454082.htm,"Bouskoura, Victoria",bouskoura,victoria,855000
Excellent appartement à vendre de 100m² dans le quartier Moulay Abdellah,970000,"Appartements dans Casablanca, Aïn Chock",100,2,1,https://www.avito.ma/fr/a%C3%AFn_chock/appartements/Excellent_appartement_%C3%A0_vendre_de_100m%C2%B2_dans_le_quartier_Moulay_Abdellah_57838252.htm,"Casablanca, Aïn Chock",casablanca,aïn chock,970000
Urgente Appartement Économique AinChock Lamkansa4,430000,"Appartements dans Lamkansa, Toute la ville",60,2,2,https://www.avito.ma/fr/lamkansa/appartements/Vente_Urgente_Appartement_%C3%89conomique_AinChock_Lamkansa4_57814995.htm,"Lamkansa, Toute la ville",lamkansa,toute la ville,430000
Appartement à Mohammedia au quartier du Parc,1450000,"Appartements dans Mohammedia, Quartier du Parc",125,3,2,https://www.avito.ma/fr/quartier_du_parc/appartements/Appartement_%C3%A0_Mohammedia_au_quartier_du_Parc_57567583.htm,"Mohammedia, Quartier du Parc",mohammedia,quartier du parc,1450000
💎 L'OPPORTUNITÉ GUÉLIZ-SEMLALIA 57 m²,900000,"Appartements dans Marrakech, Guéliz",57,1,1,https://www.avito.ma/fr/gu%C3%A9liz/appartements/___L_OPPORTUNIT%C3%89_GU%C3%89LIZ_SEMLALIA_57_m%C2%B2_57689796.htm,"Marrakech, Guéliz",marrakech,guéliz,900000
CMN-AC-2063 - Appartement à vendre à Sidi Maarouf,900000,"Appartements dans Casablanca, Sidi Maarouf",85,2,2,https://www.avito.ma/fr/sidi_maarouf/appartements/CMN_AC_2063___Appartement_%C3%A0_vendre_%C3%A0_Sidi_Maarouf_57349576.htm,"Casablanca, Sidi Maarouf",casablanca,sidi maarouf,900000
Appartement à vendre 90 m² Limoune à Ouled Teïma,585000,"Appartements dans Ouled Teïma, Toute la ville",90,3,1,https://www.avito.ma/fr/ouled_te%C3%AFma/appartements/Appartement_%C3%A0_vendre_90_m%C2%B2_Limoune_%C3%A0_Ouled_Te%C3%AFma_56824722.htm,"Ouled Teïma, Toute la ville",ouled teïma,toute la ville,585000
CMN-HA-1859 - Appartement à vendre à Beauséjour,1270000,"Appartements dans Casablanca, Beauséjour",95,2,2,https://www.avito.ma/fr/beaus%C3%A9jour/appartements/CMN_HA_1859___Appartement_%C3%A0_vendre_%C3%A0_Beaus%C3%A9jour_57245367.htm,"Casablanca, Beauséjour",casablanca,beauséjour,1270000
Appt 3 ch salon à vendre à Val Fleuri,1800000,"Appartements dans Casablanca, Val Fleuri",126,3,2,https://www.avito.ma/fr/val_fleuri/appartements/Appt_3_ch_salon_%C3%A0_vendre_%C3%A0_Val_Fleuri_56660584.htm,"Casablanca, Val Fleuri",casablanca,val fleuri,1800000
Appartement meublé 3 chambres à vendre Tanger,650000,"Appartements dans Tanger, Hay Hassani",70,3,1,https://www.avito.ma/fr/hay_hassani/appartements/Appartement_meubl%C3%A9_3_chambres_%C3%A0_vendre_Tanger_57304897.htm,"Tanger, Hay Hassani",tangier,hay hassani,650000
3 Chambres à vendre 143 m² à Californie,2255000,"Appartements dans Casablanca, Californie",143,3,2,https://www.avito.ma/fr/californie/appartements/3_Chambres_%C3%A0_vendre_143_m%C2%B2_%C3%A0_Californie_56512306.htm,"Casablanca, Californie",casablanca,californie,2255000
CMN-AN-1875 - Appartement à vendre à Bourgogne,1500000,"Appartements dans Casablanca, Bourgogne",113,3,1,https://www.avito.ma/fr/bourgogne/appartements/CMN_AN_1875___Appartement_%C3%A0_vendre_%C3%A0_Bourgogne_57306326.htm,"Casablanca, Bourgogne",casablanca,bourgogne,1500000
Appartement en vente 61m² à Gueliz Piscine Rooftop,1500000,"Appartements dans Marrakech, Guéliz",61,1,1,https://www.avito.ma/fr/gu%C3%A9liz/appartements/Appartement_en_vente_61m%C2%B2_%C3%A0_Gueliz_Piscine_Rooftop_57656300.htm,"Marrakech, Guéliz",marrakech,guéliz,1500000
CMN-MA-2478 - Appartement à vendre à Burger,2200000,"Appartements dans Casablanca, Maarif",197,4,1,https://www.avito.ma/fr/maarif/appartements/CMN_MA_2478___Appartement_%C3%A0_vendre_%C3%A0_Burger_57365012.htm,"Casablanca, Maarif",casablanca,maarif,2200000
Studio-Neuf/JamaisHabité/ 62M²/Tram Busway Ghandi,880000,"Appartements dans Casablanca, Maarif",62,1,1,https://www.avito.ma/fr/maarif/appartements/Studio_Neuf_JamaisHabit%C3%A9__62M%C2%B2_Tram_Busway_Ghandi_57189622.htm,"Casablanca, Maarif",casablanca,maarif,880000
A vendre un appart de 4 chambres sans voisins,3400000,"Appartements dans Casablanca, Quartier des Hôpitaux",274,4,3,https://www.avito.ma/fr/quartier_des_h%C3%B4pitaux/appartements/A_vendre_un_appart_de_4_chambres_sans_voisins_57375208.htm,"Casablanca, Quartier des Hôpitaux",casablanca,quartier des hôpitaux,3280000
Appartement à vendre 51 m² à Casablanca,1000000,"Appartements dans Casablanca, Gauthier",51,1,1,https://www.avito.ma/fr/gauthier/appartements/Appartement_%C3%A0_vendre_51_m%C2%B2_%C3%A0_Casablanca_57808527.htm,"Casablanca, Gauthier",casablanca,gauthier,1000000
"Superbe appartement à vendre dans le quartier Golf, route des Rmilat",960000,"Appartements dans Tanger, Du Golf",79,2,1,https://www.avito.ma/fr/du_golf/appartements/Superbe_appartement_%C3%A0_vendre_dans_le_quartier_Golf__route_des_Rmilat_57030107.htm,"Tanger, Du Golf",tangier,du golf,960000
Superbe appartement à Dar Bouazza,2850000,"Appartements dans Dar Bouazza, Toute la ville",199,4,3,https://www.avito.ma/fr/dar_bouazza/appartements/Superbe_appartement_%C3%A0_Dar_Bouazza_57699278.htm,"Dar Bouazza, Toute la ville",dar bouazza,toute la ville,2850000
Appartements à vendre 56 m² à Marrakech,560000,"Appartements dans Marrakech, Mabrouka",56,2,1,https://www.avito.ma/fr/mabrouka/appartements/Appartements_%C3%A0_vendre_56_m%C2%B2_%C3%A0_Marrakech_57418106.htm,"Marrakech, Mabrouka",marrakech,mabrouka,560000
Appartement neuf à vendre 71 m² à Marrakech,460000,"Appartements dans Marrakech, M'Hamid",71,3,2,https://www.avito.ma/fr/m_hamid/appartements/Appartement_neuf_%C3%A0_vendre_71_m%C2%B2_%C3%A0_Marrakech_53696929.htm,"Marrakech, M'Hamid",marrakech,m'hamid,460000
Appartement à vendre 87 m² à Casablanca,700000,"Appartements dans Casablanca, Aïn Chock",87,2,1,https://www.avito.ma/fr/a%C3%AFn_chock/appartements/Appartement_%C3%A0_vendre_87_m%C2%B2_%C3%A0_Casablanca_57838125.htm,"Casablanca, Aïn Chock",casablanca,aïn chock,700000
Appartement à vendre 74 m² à Casablanca,780000,"Appartements dans Casablanca, Sidi Maarouf",74,2,2,https://www.avito.ma/fr/sidi_maarouf/appartements/Appartement_%C3%A0_vendre_74_m%C2%B2_%C3%A0_Casablanca_57677252.htm,"Casablanca, Sidi Maarouf",casablanca,sidi maarouf,780000
Appartement à vendre opportunité unique à Saïd Hajji – Salé,620000,"Appartements dans Salé, Said Hajji",70,2,1,https://www.avito.ma/fr/said_hajji/appartements/Appartement_%C3%A0_vendre_opportunit%C3%A9_unique_%C3%A0_Sa%C3%AFd_Hajji___Sal%C3%A9_57812395.htm,"Salé, Said Hajji",salé,said hajji,620000
Duplex meublé à vendre près du stade Ibn Batouta,1300000,"Appartements dans Tanger, Ziatene",140,2,1,https://www.avito.ma/fr/ziatene/appartements/Duplex_meubl%C3%A9_%C3%A0_vendre_pr%C3%A8s_du_stade_Ibn_Batouta_57110774.htm,"Tanger, Ziatene",tangier,ziatene,1300000
Appartement traversant avec vue mer–Dernier étage,2300000,"Appartements dans Casablanca, Anfa",121,2,1,https://www.avito.ma/fr/anfa/appartements/Appartement_traversant_avec_vue_mer_Dernier_%C3%A9tage_57401272.htm,"Casablanca, Anfa",casablanca,anfa,2300000
Excellents appartements à vendre,900000,"Appartements dans Temara, Autre secteur",120,4,2,https://www.avito.ma/fr/autre_secteur/appartements/Excellents_appartements_%C3%A0_vendre_56831884.htm,"Temara, Autre secteur",temara,autre secteur,900000
VENDRE APPARTEMENT SALON 3 CHAMBRES 70m2,735000,"Appartements dans Casablanca, Autre secteur",70,3,2,https://www.avito.ma/fr/autre_secteur/appartements/%C3%80_VENDRE_APPARTEMENT_SALON_3_CHAMBRES_70m2_57279776.htm,"Casablanca, Autre secteur",casablanca,autre secteur,735000
Spacieux appartement deux façades Belvédère,1100000,"Appartements dans Casablanca, Belvédère",163,2,2,https://www.avito.ma/fr/belv%C3%A9d%C3%A8re/appartements/Spacieux_appartement_deux_fa%C3%A7ades_Belv%C3%A9d%C3%A8re_57130099.htm,"Casablanca, Belvédère",casablanca,belvédère,1100000
Appartement Excellente finition Très ensoleillé,600000,"Appartements dans Salé, Toute la ville",79,2,1,https://www.avito.ma/fr/sal%C3%A9/appartements/Appartement_Excellente_finition_Tr%C3%A8s_ensoleill%C3%A9_57749360.htm,"Salé, Toute la ville",salé,toute la ville,600000
Appartement 2 ch à vendre vue sur mer,2900000,"Appartements dans Tanger, Malabata",82,2,1,https://www.avito.ma/fr/malabata/appartements/Appartement_2_ch_%C3%A0_vendre_vue_sur_mer_57080322.htm,"Tanger, Malabata",tangier,malabata,2900000
RACINE Superbe Appartement Rénové à Vendre 265m²,4850000,"Appartements dans Casablanca, Racine",265,4,3,https://www.avito.ma/fr/racine/appartements/RACINE_Superbe_Appartement_R%C3%A9nov%C3%A9_%C3%A0_Vendre_265m%C2%B2_57696349.htm,"Casablanca, Racine",casablanca,racine,3280000
Appartement à vendre 118m² La Perle du Sahara Dakhla,885000,"Appartements dans Dakhla, Toute la ville",118,4,1,https://www.avito.ma/fr/dakhla/appartements/Appartement_%C3%A0_vendre_118m%C2%B2_La_Perle_du_Sahara_Dakhla_57556568.htm,"Dakhla, Toute la ville",dakhla,toute la ville,885000
Appartement Meublé à vendre à l'Houda,640000,"Appartements dans Agadir, El Houda",55,2,1,https://www.avito.ma/fr/el_houda/appartements/Appartement_Meubl%C3%A9_%C3%A0_vendre_%C3%A0_l_Houda_57768697.htm,"Agadir, El Houda",agadir,el houda,640000
Appartement avec terrasse😍 à vendre à Hay Azdehar,860000,"Appartements dans Marrakech, Hay Izdihar",69,2,1,https://www.avito.ma/fr/hay_izdihar/appartements/Appartement_avec_terrasse___%C3%A0_vendre_%C3%A0_Hay_Azdehar_57574042.htm,"Marrakech, Hay Izdihar",marrakech,hay izdihar,860000
A vendre un bel appartement avec terrasse,2480000,"Appartements dans Casablanca, Palmier",140,3,2,https://www.avito.ma/fr/palmier/appartements/A_vendre_un_bel_appartement_avec_terrasse_57373926.htm,"Casablanca, Palmier",casablanca,palmier,2480000
A vendre un joli appartement de 3 chambres,2450000,"Appartements dans Casablanca, Racine",132,3,3,https://www.avito.ma/fr/racine/appartements/A_vendre_un_joli_appartement_de_3_chambres_57415416.htm,"Casablanca, Racine",casablanca,racine,2450000
Apt Neuf 3 Chambres 1Salon roudani Maarif,1400000,"Appartements dans Casablanca, Maarif",70,3,1,https://www.avito.ma/fr/maarif/appartements/Apt_Neuf_3_Chambres_1Salon_roudani_Maarif_57343247.htm,"Casablanca, Maarif",casablanca,maarif,1400000
😍 Appartement rénové avec belle vue,390000,"Appartements dans Marrakech, Azzouzia",59,2,1,https://www.avito.ma/fr/azzouzia/appartements/___Appartement_r%C3%A9nov%C3%A9_avec_belle_vue_57797690.htm,"Marrakech, Azzouzia",marrakech,azzouzia,390000
Appartement à vendre à Hay Salam Oujda,380000,"Appartements dans Oujda, Hay Salam",53,2,1,https://www.avito.ma/fr/hay_salam/appartements/Appartement_%C3%A0_vendre_%C3%A0_Hay_Salam_Oujda_57780476.htm,"Oujda, Hay Salam",oujda,hay salam,380000
Duplex RDC 47 m² en vente - piscine Rooftop,1708000,"Appartements dans Marrakech, Av Abdelkrim El Khattabi",47,1,2,https://www.avito.ma/fr/av_abdelkrim_el_khattabi/appartements/Duplex_RDC_47_m%C2%B2_en_vente___piscine_Rooftop_57606328.htm,"Marrakech, Av Abdelkrim El Khattabi",marrakech,av abdelkrim el khattabi,1708000
TRIANGLE D’OR BEL APPT A VENDRE AVEC TERRASSE,3750000,"Appartements dans Casablanca, Triangle d'Or",267,3,2,https://www.avito.ma/fr/triangle_d_or/appartements/TRIANGLE_D_OR_BEL_APPT_A_VENDRE_AVEC_TERRASSE_55809049.htm,"Casablanca, Triangle d'Or",casablanca,triangle d'or,3280000
Appartement à vendre 149 m² à Casablanca,850000,"Appartements dans Casablanca, Belvédère",149,3,2,https://www.avito.ma/fr/belv%C3%A9d%C3%A8re/appartements/Appartement_%C3%A0_vendre_149_m%C2%B2_%C3%A0_Casablanca_57832871.htm,"Casablanca, Belvédère",casablanca,belvédère,850000
A VENDRE APPARTEMENTS NEUFS AVEC TITRES FONCIERS,575000,"Appartements dans Kénitra, Bir Rami",90,3,1,https://www.avito.ma/fr/bir_rami/appartements/A_VENDRE_APPARTEMENTS_NEUFS_AVEC_TITRES_FONCIERS_57372793.htm,"Kénitra, Bir Rami",kénitra,bir rami,575000
Appartement en vente 65m² à Gueliz-Piscine Rooftop,1498000,"Appartements dans Marrakech, Guéliz",65,1,1,https://www.avito.ma/fr/gu%C3%A9liz/appartements/Appartement_en_vente_65m%C2%B2_%C3%A0_Gueliz_Piscine_Rooftop_57658705.htm,"Marrakech, Guéliz",marrakech,guéliz,1498000
Studio neuf 41 m2 à vendre Roche Noires,640000,"Appartements dans Casablanca, Roches Noires",41,1,1,https://www.avito.ma/fr/roches_noires/appartements/Studio_neuf_41_m2_%C3%A0_vendre_Roche_Noires_55587139.htm,"Casablanca, Roches Noires",casablanca,roches noires,640000
Duplex à vendre avec piscine proche Guéliz,1050000,"Appartements dans Marrakech, Mabrouka",95,3,2,https://www.avito.ma/fr/mabrouka/appartements/Duplex_%C3%A0_vendre_avec_piscine_proche_Gu%C3%A9liz_57727756.htm,"Marrakech, Mabrouka",marrakech,mabrouka,1050000
Habit immobilier met en vente un joli studio,1180000,"Appartements dans Casablanca, Bourgogne",60,1,1,https://www.avito.ma/fr/bourgogne/appartements/Habit_immobilier_met_en_vente_un_joli_studio_57406412.htm,"Casablanca, Bourgogne",casablanca,bourgogne,1180000
MAÂRIF JOLI APPARTEMENT 109 m² À VENDRE,1050000,"Appartements dans Casablanca, Maarif",109,2,2,https://www.avito.ma/fr/maarif/appartements/MA%C3%82RIF_JOLI_APPARTEMENT_109_m%C2%B2_%C3%80_VENDRE_57654876.htm,"Casablanca, Maarif",casablanca,maarif,1050000
Appartement à vendre 75 m² à Casablanca,650000,"Appartements dans Casablanca, Ain Sebaa",75,2,1,https://www.avito.ma/fr/ain_sebaa/appartements/Appartement_%C3%A0_vendre_75_m%C2%B2_%C3%A0_Casablanca_57634469.htm,"Casablanca, Ain Sebaa",casablanca,ain sebaa,650000
Appart 118 m² Étage 3 Sidi Maarouf,1200000,"Appartements dans Casablanca, Sidi Maarouf",118,3,2,https://www.avito.ma/fr/sidi_maarouf/appartements/Appart_118_m%C2%B2_%C3%89tage_3_Sidi_Maarouf_57742399.htm,"Casablanca, Sidi Maarouf",casablanca,sidi maarouf,1200000
Bel appartement neuf à vendre à Oasis,2400000,"Appartements dans Casablanca, Oasis",118,3,2,https://www.avito.ma/fr/oasis/appartements/Bel_appartement_neuf_%C3%A0_vendre_%C3%A0_Oasis_57797969.htm,"Casablanca, Oasis",casablanca,oasis,2400000
Appartement vue sur la gare routière sans intermédiaire,550000,"Appartements dans Tanger, Autre secteur",67,2,1,https://www.avito.ma/fr/autre_secteur/appartements/Appartement_vue_sur_la_gare_routi%C3%A8re_sans_interm%C3%A9diaire_56169439.htm,"Tanger, Autre secteur",tangier,autre secteur,550000
Magnifique penthouse à vendre ou à louer à Wifac,3150000,"Appartements dans Temara, Wifak",230,4,2,https://www.avito.ma/fr/wifak/appartements/Magnifique_penthouse_%C3%A0_vendre_ou_%C3%A0_louer_%C3%A0_Wifac_57321110.htm,"Temara, Wifak",temara,wifak,3150000
DUPLEX D'EXCEPTION Vue MER à vendre MARINA Casa,3690000,"Appartements dans Casablanca, Marina",204,2,2,https://www.avito.ma/fr/marina/appartements/DUPLEX_D_EXCEPTION_Vue_MER_%C3%A0_vendre_MARINA_Casa_57838040.htm,"Casablanca, Marina",casablanca,marina,3280000
Appartement à vendre 48m² à Gueliz - Piscine Rooftop,1077000,"Appartements dans Marrakech, Guéliz",49,1,1,https://www.avito.ma/fr/gu%C3%A9liz/appartements/Appartement_%C3%A0_vendre_48m%C2%B2_%C3%A0_Gueliz___Piscine_Rooftop_57658624.htm,"Marrakech, Guéliz",marrakech,guéliz,1077000
Meilleur invest Studio Neuf 62M Tram Busway Ghandi,880000,"Appartements dans Casablanca, Casablanca Finance City",62,1,1,https://www.avito.ma/fr/casablanca_finance_city/appartements/Meilleur_invest_Studio_Neuf_62M_Tram_Busway_Ghandi_57189382.htm,"Casablanca, Casablanca Finance City",casablanca,casablanca finance city,880000
Bel appartement à vendre,2450000,"Appartements dans Tanger, Mozart",119,3,2,https://www.avito.ma/fr/mozart/appartements/Bel_appartement_%C3%A0_vendre_57838018.htm,"Tanger, Mozart",tangier,mozart,2450000
Appartement à vendre 70 m² à Had Soualem,260000,"Appartements dans Had Soualem, Toute la ville",70,3,1,https://www.avito.ma/fr/had_soualem/appartements/Appartement_%C3%A0_vendre_70_m%C2%B2_%C3%A0_Had_Soualem_57838006.htm,"Had Soualem, Toute la ville",had soualem,toute la ville,260000
Appartement neuf avec ascenseur et parking,440000,"Appartements dans Casablanca, Sidi Othmane",81,2,1,https://www.avito.ma/fr/sidi_othmane/appartements/Appartement_neuf_avec_ascenseur_et_parking_55310114.htm,"Casablanca, Sidi Othmane",casablanca,sidi othmane,440000
